Id,Name,DOB,lat,lon,favPlace
S1001,Erick Barkley,1978-02-21 06:00:00.000000 +00:00,48.0517637,-122.1770818,Marysville
S1002,Walter Russell Mead,1952-06-12 06:00:00.000000 +00:00,33.7825194,-117.2286478,Perris
S1003,Emmet G Sullivan,1947-01-01 06:00:00.000000 +00:00,41.49932,-81.6943605,Cleveland
S1004,William H Ginsburg,1943-03-25 06:00:00.000000 +00:00,42.2625932,-71.8022934,Worcester
S1005,Julius Rudel,1921-03-06 06:00:00.000000 +00:00,34.0007104,-81.0348144,Columbia
S1006,Paul Gauguin,1848-06-07 06:00:00.000000 +00:00,41.5581525,-73.0514965,Waterbury
S1007,Ginia Bellafante,1965-03-31 06:00:00.000000 +00:00,44.8041322,-93.1668858,Eagan
S1008,Eli Wallach,1915-12-07 06:00:00.000000 +00:00,42.4733688,-83.2218731,Southfield
S1009,Virgo Teresa (Mother),1910-08-27 06:00:00.000000 +00:00,30.2240897,-92.0198427,Lafayette
S1010,Ian Bostridge,1964-12-25 06:00:00.000000 +00:00,43.6187102,-116.2146068,Boise City
S1011,Lynn Sherr,1942-03-04 06:00:00.000000 +00:00,41.6819935,-85.9766671,Elkhart
S1012,Gloria Trevi,1968-02-15 06:00:00.000000 +00:00,33.8675143,-117.9981181,Buena Park
S1013,Johan Santana,1979-03-13 06:00:00.000000 +00:00,33.952602,-84.5499327,Marietta
S1014,Judith S Kaye,1938-08-04 06:00:00.000000 +00:00,39.5186002,-104.7613633,Parker
S1015,Caroline Knapp,1959-11-08 06:00:00.000000 +00:00,26.7153424,-80.0533746,West Palm Beach
S1016,Ruud Lubbers,1939-05-07 06:00:00.000000 +00:00,42.51954,-70.8967155,Salem
S1017,Jerome Kerviel,1977-01-11 06:00:00.000000 +00:00,41.7605849,-88.3200715,Aurora
S1018,Jean Cocteau,1889-07-05 06:00:00.000000 +00:00,39.1156615,-77.5636015,Leesburg
S1019,Steven T Florio,1949-04-19 06:00:00.000000 +00:00,25.8195424,-80.3553302,Doral
S1020,Alice Waters,1944-04-28 06:00:00.000000 +00:00,33.7513419,-117.9939921,Westminster
S1021,Colin Farrell,1976-05-31 06:00:00.000000 +00:00,33.5778631,-101.8551665,Lubbock
S1022,Lanny J Davis,1945-12-12 06:00:00.000000 +00:00,38.9822282,-94.6707917,Overland Park
S1023,Florence Griffith Joyner,1959-12-21 06:00:00.000000 +00:00,32.2987573,-90.1848103,Jackson
S1024,Yevgeny M Primakov,1929-10-29 06:00:00.000000 +00:00,35.262082,-81.1873005,Gastonia
S1025,Harry Belafonte,1927-03-01 06:00:00.000000 +00:00,29.2108147,-81.0228331,Daytona Beach
S1026,Louis J Freeh,1950-01-06 06:00:00.000000 +00:00,39.0997265,-94.5785667,Kansas City
S1027,Jose Contreras,1971-12-06 06:00:00.000000 +00:00,33.7444613,-118.3870173,Rancho Palos Verdes
S1028,Vikram S Pandit,1957-01-14 06:00:00.000000 +00:00,44.7677424,-93.2777226,Burnsville
S1029,Jay Chiat,1931-10-25 06:00:00.000000 +00:00,32.9029017,-96.56388,Rowlett
S1030,Jean-Pierre Bemba,1962-11-04 06:00:00.000000 +00:00,33.3942655,-104.5230242,Roswell
S1031,Johannes Brahms,1833-05-07 06:00:00.000000 +00:00,32.3668052,-86.2999689,Montgomery
S1032,Gustav Mahler,1860-07-07 06:00:00.000000 +00:00,41.7369803,-111.8338359,Logan
S1033,Hussein Chalayan,1970-08-12 06:00:00.000000 +00:00,42.4792618,-71.1522765,Woburn
S1034,Frederick Barthelme,1943-10-10 06:00:00.000000 +00:00,40.6084305,-75.4901833,Allentown
S1035,Meryl Streep,1949-06-22 06:00:00.000000 +00:00,32.8323225,-79.8284258,Mount Pleasant
S1036,Robert W Pittman,1953-12-28 06:00:00.000000 +00:00,32.4609764,-84.9877094,Columbus
S1037,Stanley Marcus,1905-04-20 06:00:00.000000 +00:00,42.8864468,-78.8783689,Buffalo
S1038,George Armstrong Custer,1839-12-05 06:00:00.000000 +00:00,42.9764027,-88.1084224,New Berlin
S1039,Lydia Polgreen,1975-01-01 06:00:00.000000 +00:00,32.8342952,-97.2289029,North Richland Hills
S1040,Diego Maradona,1960-10-30 06:00:00.000000 +00:00,40.742551,-84.1052256,Lima
S1041,Jennifer Jason Leigh,1962-02-05 06:00:00.000000 +00:00,38.5815719,-121.4943996,Sacramento
S1042,Iris Murdoch,1919-07-15 06:00:00.000000 +00:00,35.3859242,-94.3985475,Fort Smith
S1043,Roger Cohen,1955-08-02 06:00:00.000000 +00:00,41.8137116,-71.3700545,East Providence
S1044,Orhan Pamuk,1952-06-07 06:00:00.000000 +00:00,41.6266555,-93.7121656,Urbandale
S1045,Maggie Gyllenhaal,1977-11-16 06:00:00.000000 +00:00,40.9125992,-73.8370786,Mount Vernon
S1046,Joyce Wadler,1948-01-02 06:00:00.000000 +00:00,39.7047095,-105.0813734,Lakewood
S1047,Eve Queler,1931-01-11 06:00:00.000000 +00:00,36.0395247,-114.9817213,Henderson
S1048,Jeanine Pirro,1951-06-02 06:00:00.000000 +00:00,34.0900091,-117.8903397,Covina
S1049,Chris Osgood,1972-11-26 06:00:00.000000 +00:00,41.0534302,-73.5387341,Stamford
S1050,Rufus Wainwright,1973-07-22 06:00:00.000000 +00:00,39.165325,-86.5263857,Bloomington
S1051,Jason Arnott,1974-10-11 06:00:00.000000 +00:00,36.548434,-82.5618186,Kingsport
S1052,Alan B Krueger,1960-09-17 06:00:00.000000 +00:00,47.6587802,-117.4260466,Spokane
S1053,Bobby Labonte,1964-05-08 06:00:00.000000 +00:00,46.2112458,-119.1372338,Kennewick
S1054,Sherron S Watkins,1959-08-28 06:00:00.000000 +00:00,39.9525839,-75.1652215,Philadelphia
S1055,Philip Guston,1913-06-27 06:00:00.000000 +00:00,48.74908,-122.4781473,Bellingham
S1056,Roger Ebert,1942-06-18 06:00:00.000000 +00:00,36.3302284,-119.2920585,Visalia
S1057,Nicholas Negroponte,1943-12-01 06:00:00.000000 +00:00,43.8013556,-91.2395807,La Crosse
S1058,Claudia Shear,1962-01-01 06:00:00.000000 +00:00,41.2619444,-95.8608333,Council Bluffs
S1059,Danny DeVito,1944-11-17 06:00:00.000000 +00:00,26.217305,-80.2258811,North Lauderdale
S1060,Steny H Hoyer,1939-06-14 06:00:00.000000 +00:00,32.7766642,-96.7969879,Dallas
S1061,Michael G Oxley,1944-02-11 06:00:00.000000 +00:00,38.0049214,-121.805789,Antioch
S1062,Tom Lantos,1928-02-01 06:00:00.000000 +00:00,42.5803122,-83.0302033,Sterling Heights
S1063,William Hurt,1950-03-20 06:00:00.000000 +00:00,26.3184123,-80.0997657,Deerfield Beach
S1064,Ferdinand E Marcos,1917-09-11 06:00:00.000000 +00:00,39.9567548,-86.01335,Fishers
S1065,Franz Liszt,1811-10-22 06:00:00.000000 +00:00,41.1399814,-104.8202462,Cheyenne
S1066,Aleksandr G Lukashenko,1954-08-30 06:00:00.000000 +00:00,33.5539143,-117.2139232,Murrieta
S1067,Brian Friel,1929-01-09 06:00:00.000000 +00:00,38.9536174,-94.7335709,Lenexa
S1068,Sandra Bullock,1964-07-26 06:00:00.000000 +00:00,40.0455917,-86.0085955,Noblesville
S1069,Tiger Woods,1975-12-30 06:00:00.000000 +00:00,34.9889818,-90.0125913,Southaven
S1070,Nobuyuki Idei,1937-11-22 06:00:00.000000 +00:00,34.0122346,-117.688944,Chino
S1071,Serena Williams,1981-09-26 06:00:00.000000 +00:00,39.1434406,-77.2013705,Gaithersburg
S1072,Diane von Furstenberg,1946-12-31 06:00:00.000000 +00:00,33.7091847,-117.9536697,Fountain Valley
S1073,Mary Robinson,1944-05-21 06:00:00.000000 +00:00,39.4142688,-77.4105409,Frederick
S1074,Joaquin Phoenix,1974-10-28 06:00:00.000000 +00:00,35.612661,-77.3663538,Greenville
S1075,Leona Helmsley,1920-07-04 06:00:00.000000 +00:00,41.9294736,-88.7503647,DeKalb
S1076,Benazir Bhutto,1953-06-21 06:00:00.000000 +00:00,43.0166806,-88.0070315,West Allis
S1077,Donna Hanover,1950-02-13 06:00:00.000000 +00:00,39.8680412,-104.9719243,Thornton
S1078,Sebastian Telfair,1985-06-09 06:00:00.000000 +00:00,41.5772115,-93.711332,West Des Moines
S1079,George Herman Ruth,1895-02-06 06:00:00.000000 +00:00,41.7014912,-71.1550451,Fall River
S1080,Mohamed Atta,1968-09-01 06:00:00.000000 +00:00,36.2077288,-119.3473379,Tulare
S1081,Eckhard Pfeiffer,1941-08-20 06:00:00.000000 +00:00,32.6400541,-117.0841955,Chula Vista
S1082,Rafael Nadal,1986-06-03 06:00:00.000000 +00:00,26.271192,-80.2706044,Coral Springs
S1083,Frank Keating,1944-02-10 06:00:00.000000 +00:00,35.4087517,-80.579511,Concord
S1084,Lee H Hamilton,1931-04-20 06:00:00.000000 +00:00,33.8839926,-84.5143761,Smyrna
S1085,Jonathan Franzen,1959-08-17 06:00:00.000000 +00:00,28.6934076,-81.5322149,Apopka
S1086,Tom Waits,1949-12-07 06:00:00.000000 +00:00,47.9252568,-97.0328547,Grand Forks
S1087,Leonardo da Vinci,1452-04-15 06:00:00.000000 +00:00,39.7136754,-82.5993294,Lancaster
S1088,Robert B Zoellick,1953-07-25 06:00:00.000000 +00:00,41.7508391,-88.1535352,Naperville
S1089,Jill Abramson,1954-03-19 06:00:00.000000 +00:00,26.0112014,-80.1494901,Hollywood
S1090,Tonya Harding,1970-11-12 06:00:00.000000 +00:00,36.3320196,-94.1185366,Rogers
S1091,Virgo Lee Kuan Yew,1923-09-16 06:00:00.000000 +00:00,29.9510658,-90.0715323,New Orleans
S1092,Lawton Chiles,1930-04-03 06:00:00.000000 +00:00,47.1717649,-122.518458,Lakewood
S1093,Abdul Qadeer Khan,1936-04-01 06:00:00.000000 +00:00,41.719978,-87.7479528,Oak Lawn
S1094,Antonio McDyess,1974-09-07 06:00:00.000000 +00:00,43.6629384,-116.6873596,Caldwell
S1095,Willem Dafoe,1955-07-22 06:00:00.000000 +00:00,45.5230622,-122.6764816,Portland
S1096,Paul Tergat,1969-06-17 06:00:00.000000 +00:00,37.9779776,-122.0310733,Concord
S1097,Mookie Wilson,1956-02-09 06:00:00.000000 +00:00,47.4703767,-122.3467918,Burien
S1098,Jonathan Larson,1960-02-04 06:00:00.000000 +00:00,38.7881062,-90.4974359,St. Charles
S1099,Tito Puente,1923-04-20 06:00:00.000000 +00:00,43.0116784,-88.2314813,Waukesha
S1100,Stanley A McChrystal,1954-08-14 06:00:00.000000 +00:00,35.1982836,-111.651302,Flagstaff
S1101,Mikhail S Gorbachev,1931-03-02 06:00:00.000000 +00:00,47.1853785,-122.2928974,Puyallup
S1102,Stephen Frears,1941-06-20 06:00:00.000000 +00:00,42.8142432,-73.9395687,Schenectady
S1103,Allen Iverson,1975-06-07 06:00:00.000000 +00:00,39.7392358,-104.990251,Denver
S1104,Tina Fey,1970-05-18 06:00:00.000000 +00:00,39.7817213,-89.6501481,Springfield
S1105,Alvin F Poussaint,1934-05-15 06:00:00.000000 +00:00,37.2871651,-121.9499568,Campbell
S1106,Tsuyoshi Shinjo,1972-01-28 06:00:00.000000 +00:00,33.9424658,-117.2296717,Moreno Valley
S1107,John Herbers,1923-11-04 06:00:00.000000 +00:00,39.6895036,-84.1688274,Kettering
S1108,Fox Butterfield,1939-01-01 06:00:00.000000 +00:00,42.2505943,-83.1785361,Lincoln Park
S1109,Philip Johnson,1906-07-08 06:00:00.000000 +00:00,34.483901,-114.3224548,Lake Havasu City
S1110,Iftikhar Muhammad Chaudhry,1948-12-12 06:00:00.000000 +00:00,34.769536,-92.2670941,North Little Rock
S1111,Nicholas A Spano,1953-01-01 06:00:00.000000 +00:00,39.5296329,-119.8138027,Reno
S1112,Denny Neagle,1968-09-13 06:00:00.000000 +00:00,39.613321,-105.0166498,Littleton
S1113,Keith van Horn,1975-10-23 06:00:00.000000 +00:00,34.5400242,-112.4685025,Prescott
S1114,Bruce Springsteen,1949-09-23 06:00:00.000000 +00:00,37.7021521,-121.9357918,Dublin
S1115,Claude Monet,1840-11-14 06:00:00.000000 +00:00,33.425125,-94.0476882,Texarkana
S1116,Milan Kundera,1929-04-01 06:00:00.000000 +00:00,43.661471,-70.2553259,Portland
S1117,Virgo Roh Moo Hyun,1946-09-01 06:00:00.000000 +00:00,45.0941315,-93.3563405,Brooklyn Park
S1118,Mohandas K Gandhi,1869-10-02 06:00:00.000000 +00:00,41.2705484,-72.9469711,West Haven
S1119,Theodore B Olson,1940-09-11 06:00:00.000000 +00:00,32.792,-115.5630514,El Centro
S1120,Donald J Trump,1946-06-14 06:00:00.000000 +00:00,33.0806083,-96.8928309,The Colony
S1121,Raymond Carver,1938-05-25 06:00:00.000000 +00:00,43.0125274,-83.6874562,Flint
S1122,August Strindberg,1849-01-22 06:00:00.000000 +00:00,38.0279762,-121.8846806,Pittsburg
S1123,Miles Davis,1926-05-26 06:00:00.000000 +00:00,33.3703197,-112.5837766,Buckeye
S1124,Norma Holloway Johnson,1932-07-28 06:00:00.000000 +00:00,33.9166805,-117.9000604,Brea
S1125,Muntader al- Zaidi,1979-01-15 06:00:00.000000 +00:00,33.7205771,-116.2155619,Indio
S1126,Phil Spector,1939-12-26 06:00:00.000000 +00:00,33.4941704,-111.9260519,Scottsdale
S1127,Michael P Forbes,1952-07-16 06:00:00.000000 +00:00,39.9611755,-82.9987942,Columbus
S1128,Joe Lockhart,1959-07-13 06:00:00.000000 +00:00,40.0378755,-76.3055144,Lancaster
S1129,Nicholas Hytner,1956-05-07 06:00:00.000000 +00:00,40.8257625,-96.6851982,Lincoln
S1130,Vanessa Redgrave,1937-01-30 06:00:00.000000 +00:00,40.2170534,-74.7429384,Trenton
S1131,Steven Spielberg,1946-12-18 06:00:00.000000 +00:00,42.3600825,-71.0588801,Boston
S1132,John Milton,1608-12-09 06:00:00.000000 +00:00,34.1361187,-117.865339,Glendora
S1133,Jan-Michael Gambill,1977-06-03 06:00:00.000000 +00:00,44.0121221,-92.4801989,Rochester
S1134,Rubin Carter,1937-05-06 06:00:00.000000 +00:00,38.789217,-90.322614,Florissant
S1135,Bob Ney,1954-07-05 06:00:00.000000 +00:00,38.9784453,-76.4921829,Annapolis
S1136,Marilyn Hall Patel,1938-01-01 06:00:00.000000 +00:00,35.9131996,-79.0558445,Chapel Hill
S1137,Alan Garcia,1949-05-23 06:00:00.000000 +00:00,39.8386516,-86.0252612,Lawrence
S1138,Trent Lott,1941-10-09 06:00:00.000000 +00:00,32.6789476,-115.4988834,Calexico
S1139,Mira Nair,1957-10-15 06:00:00.000000 +00:00,41.6155909,-87.5294871,Calumet City
S1140,Jack Kerouac,1922-03-12 06:00:00.000000 +00:00,46.8787176,-113.996586,Missoula
S1141,William H Webster,1924-03-06 06:00:00.000000 +00:00,36.8252277,-119.7029194,Clovis
S1142,Richard J Codey,1946-11-27 06:00:00.000000 +00:00,29.5635666,-95.2860474,Pearland
S1143,Bernard B Kerik,1955-09-04 06:00:00.000000 +00:00,33.3528264,-111.789027,Gilbert
S1144,John C Yoo,1967-07-10 06:00:00.000000 +00:00,44.9591352,-89.6301221,Wausau
S1145,Ann Hampton Callaway,1958-05-30 06:00:00.000000 +00:00,35.7795897,-78.6381787,Raleigh
S1146,Gilda Radner,1946-06-28 06:00:00.000000 +00:00,33.7877944,-117.8531119,Orange
S1147,Liv Ullmann,1938-12-16 06:00:00.000000 +00:00,37.9100783,-122.0651819,Walnut Creek
S1148,Nolan Richardson,1941-12-27 06:00:00.000000 +00:00,47.5673202,-122.6329356,Bremerton
S1149,Atal Bihari Vajpayee,1924-12-25 06:00:00.000000 +00:00,36.06523,-119.0167679,Porterville
S1150,Dick Pound,1942-03-22 06:00:00.000000 +00:00,32.436381,-111.2224422,Marana
S1151,Richard Bernstein,1944-05-05 06:00:00.000000 +00:00,30.4382559,-84.2807329,Tallahassee
S1152,Candace Parker,1986-04-19 06:00:00.000000 +00:00,30.3118769,-95.4560512,Conroe
S1153,Susan Molinari,1958-03-27 06:00:00.000000 +00:00,37.2295733,-80.4139393,Blacksburg
S1154,Jose Maria Olazabal,1966-02-05 06:00:00.000000 +00:00,29.4241219,-98.4936282,San Antonio
S1155,Louis Farrakhan,1933-05-11 06:00:00.000000 +00:00,41.7637111,-72.6850932,Hartford
S1156,Jane Alexander,1939-10-28 06:00:00.000000 +00:00,42.492786,-92.3425775,Waterloo
S1157,John Edwards,1953-06-10 06:00:00.000000 +00:00,42.0986867,-75.9179738,Binghamton
S1158,Jamal Mashburn,1972-11-29 06:00:00.000000 +00:00,43.6121087,-116.3915131,Meridian
S1159,Elian Gonzalez,1993-12-06 06:00:00.000000 +00:00,43.7730448,-88.4470508,Fond du Lac
S1160,Fernando Henrique Cardoso,1931-06-18 06:00:00.000000 +00:00,29.7355047,-94.9774274,Baytown
S1161,Douglas R Forrester,1953-01-24 06:00:00.000000 +00:00,35.79154,-78.7811169,Cary
S1162,James Chaney,1943-05-30 06:00:00.000000 +00:00,42.2180724,-70.9410356,Weymouth Town
S1163,Caleb Carr,1955-08-02 06:00:00.000000 +00:00,36.1539816,-95.992775,Tulsa
S1164,David Nalbandian,1982-01-01 06:00:00.000000 +00:00,26.2159066,-98.3252932,Mission
S1165,Santana Moss,1979-06-01 06:00:00.000000 +00:00,41.1339449,-81.4845585,Cuyahoga Falls
S1166,Angelina Jolie,1975-06-04 06:00:00.000000 +00:00,42.4250964,-71.066163,Malden
S1167,Bill McKibben,1960-01-01 06:00:00.000000 +00:00,33.1031744,-96.6705503,Allen
S1168,Santiago Calatrava,1951-07-28 06:00:00.000000 +00:00,32.2217429,-110.926479,Tucson
S1169,Jamil Mahuad,1949-07-29 06:00:00.000000 +00:00,35.9250637,-86.8688899,Franklin
S1170,Marv Albert,1941-06-12 06:00:00.000000 +00:00,44.7973962,-93.5272861,Shakopee
S1171,Sirio Maccioni,1932-01-01 06:00:00.000000 +00:00,30.3321838,-81.655651,Jacksonville
S1172,Scott M Stringer,1960-04-29 06:00:00.000000 +00:00,39.3642834,-74.4229266,Atlantic City
S1173,John E Sprizzo,1934-12-23 06:00:00.000000 +00:00,42.1292241,-80.085059,Erie
S1174,Toni Morrison,1931-02-18 06:00:00.000000 +00:00,37.3021632,-120.4829677,Merced
S1175,Scorpio Zhang Yimou,1950-11-14 06:00:00.000000 +00:00,32.4487364,-99.7331439,Abilene
S1176,Patricia F Russo,1952-06-12 06:00:00.000000 +00:00,33.8886259,-117.8131125,Yorba Linda
S1177,Bebe Neuwirth,1958-12-31 06:00:00.000000 +00:00,34.8526176,-82.3940104,Greenville
S1178,Taurus Wei Jingsheng,1950-05-20 06:00:00.000000 +00:00,35.410694,-80.8428504,Huntersville
S1179,Michael Chabon,1963-05-24 06:00:00.000000 +00:00,42.4974085,-82.8963604,St. Clair Shores
S1180,Kelly Clarkson,1982-04-24 06:00:00.000000 +00:00,40.2731911,-76.8867008,Harrisburg
S1181,Angela Lansbury,1925-10-16 06:00:00.000000 +00:00,34.274646,-119.2290316,San Buenaventura (Ventura)
S1182,Susan Jacoby,1945-06-04 06:00:00.000000 +00:00,37.5482697,-121.9885719,Fremont
S1183,Robert Brustein,1927-04-21 06:00:00.000000 +00:00,38.2544472,-104.6091409,Pueblo
S1184,Alfred M Wolin,1932-01-01 06:00:00.000000 +00:00,42.3917638,-71.0328284,Chelsea
S1185,Tommy Lee Jones,1946-09-15 06:00:00.000000 +00:00,38.5200504,-89.9839935,Belleville
S1186,Jon Stewart,1962-11-28 06:00:00.000000 +00:00,44.977753,-93.2650108,Minneapolis
S1187,Lawrence Phillips,1975-05-12 06:00:00.000000 +00:00,35.2045328,-89.8739753,Bartlett
S1188,Jeffrey L Bewkes,1952-05-25 06:00:00.000000 +00:00,33.9137085,-98.4933873,Wichita Falls
S1189,Michael A Newdow,1953-06-24 06:00:00.000000 +00:00,29.6185669,-95.5377215,Missouri City
S1190,Paul Goldberger,1950-12-04 06:00:00.000000 +00:00,38.6270025,-90.1994042,St. Louis
S1191,Giorgio Armani,0007-01-01 06:00:00.000000 +00:00,26.1947962,-98.1836216,Pharr
S1192,Anna Kournikova,1981-06-07 06:00:00.000000 +00:00,35.0853336,-106.6055534,Albuquerque
S1193,Bernd Pischetsrieder,1948-02-15 06:00:00.000000 +00:00,33.9519347,-83.357567,Athens-Clarke County
S1194,Oliver Sacks,1933-07-09 06:00:00.000000 +00:00,40.5621704,-111.929658,South Jordan
S1195,Mike Shanahan,1952-08-24 06:00:00.000000 +00:00,36.1988592,-115.1175013,North Las Vegas
S1196,Khalid Khannouchi,1971-09-12 06:00:00.000000 +00:00,34.055103,-117.7499909,Pomona
S1197,Arnold Palmer,1929-09-10 06:00:00.000000 +00:00,33.952463,-117.5848025,Eastvale
S1198,Lillian Gish,1893-10-14 06:00:00.000000 +00:00,39.8814519,-83.0929644,Grove City
S1199,Sagittarius Bhumibol Adulyadej,1927-12-05 06:00:00.000000 +00:00,38.9716689,-95.2352501,Lawrence
S1200,Shirin Ebadi,1947-06-21 06:00:00.000000 +00:00,31.9973456,-102.0779146,Midland
S1201,Carl C Icahn,1936-02-16 06:00:00.000000 +00:00,35.4675602,-97.5164276,Oklahoma City
S1202,Albert Brooks,1947-07-22 06:00:00.000000 +00:00,32.3909071,-110.966488,Oro Valley
S1203,Christiane Amanpour,1958-01-12 06:00:00.000000 +00:00,33.4151843,-111.8314724,Mesa
S1204,Baz Luhrmann,1962-09-17 06:00:00.000000 +00:00,41.117744,-73.4081575,Norwalk
S1205,James A III Baker,1930-04-28 06:00:00.000000 +00:00,42.8694731,-85.6447492,Kentwood
S1206,Howard Eisley,1972-12-04 06:00:00.000000 +00:00,43.0605671,-88.1064787,Brookfield
S1207,Allen Ginsberg,1926-06-03 06:00:00.000000 +00:00,32.9312336,-96.4597089,Rockwall
S1208,Ernesto Guevara,1928-05-14 06:00:00.000000 +00:00,41.6619927,-86.1586156,Mishawaka
S1209,Phil Mickelson,1970-06-16 06:00:00.000000 +00:00,33.7458511,-117.826166,Tustin
S1210,Yulia V Tymoshenko,1960-11-27 06:00:00.000000 +00:00,45.5579451,-94.1632404,St. Cloud
S1211,I M Pei,1917-04-26 06:00:00.000000 +00:00,40.8567662,-74.1284764,Passaic
S1212,Lance Armstrong,1971-09-18 06:00:00.000000 +00:00,33.1192068,-117.086421,Escondido
S1213,Juan Antonio Samaranch,1920-07-17 06:00:00.000000 +00:00,37.6304904,-122.4110835,San Bruno
S1214,Nelson Mandela,1918-07-18 06:00:00.000000 +00:00,37.8715926,-122.272747,Berkeley
S1215,Michael Caine,1933-03-14 06:00:00.000000 +00:00,33.4269728,-117.6119925,San Clemente
S1216,Twyla Tharp,1941-07-01 06:00:00.000000 +00:00,34.6035669,-98.3959291,Lawton
S1217,Anatoly Karpov,1951-05-23 06:00:00.000000 +00:00,44.811349,-91.4984941,Eau Claire
S1218,Tab Ramos,1966-09-21 06:00:00.000000 +00:00,33.0581063,-112.0476423,Maricopa
S1219,Wadih El-Hage,1960-07-25 06:00:00.000000 +00:00,32.5896998,-96.8570738,DeSoto
S1220,Lee Harvey Oswald,1939-10-18 06:00:00.000000 +00:00,41.079273,-85.1393513,Fort Wayne
S1221,Todd Bertuzzi,1975-02-02 06:00:00.000000 +00:00,47.7556531,-122.3415178,Shoreline
S1222,Harriet Beecher Stowe,1811-06-14 06:00:00.000000 +00:00,42.4184296,-71.1061639,Medford
S1223,Jamaica Kincaid,1949-05-25 06:00:00.000000 +00:00,33.9319578,-117.9461734,La Habra
S1224,Stephanie Flanders,1968-08-05 06:00:00.000000 +00:00,42.6525793,-73.7562317,Albany
S1225,Blythe Danner,1943-02-03 06:00:00.000000 +00:00,37.6879241,-122.4702079,Daly City
S1226,Ethan Hawke,1970-11-06 06:00:00.000000 +00:00,42.240872,-83.2696509,Taylor
S1227,Isadora Duncan,1877-05-27 06:00:00.000000 +00:00,37.4137536,-79.1422464,Lynchburg
S1228,Drew Bledsoe,1972-02-14 06:00:00.000000 +00:00,39.0067768,-76.7791365,Bowie
S1229,Richard W Riley,1933-01-02 06:00:00.000000 +00:00,41.394817,-73.4540111,Danbury
S1230,Richard Pryor,1940-12-01 06:00:00.000000 +00:00,38.0293059,-78.4766781,Charlottesville
S1231,Stella McCartney,1971-09-13 06:00:00.000000 +00:00,25.72149,-80.2683838,Coral Gables
S1232,Leo Jiang Zemin,1926-08-17 06:00:00.000000 +00:00,47.6776832,-116.7804664,Coeur d'Alene
S1233,Jack Abramoff,1958-02-28 06:00:00.000000 +00:00,34.0686206,-118.0275667,El Monte
S1234,Ron Wyden,1949-05-03 06:00:00.000000 +00:00,42.2411344,-88.3161965,Crystal Lake
S1235,Shigeki Maruyama,1969-09-12 06:00:00.000000 +00:00,37.8215929,-121.9999606,Danville
S1236,Hiram Monserrate,1967-07-12 06:00:00.000000 +00:00,33.4353394,-112.3576567,Goodyear
S1237,Karim Garcia,1975-10-29 06:00:00.000000 +00:00,40.9167654,-74.171811,Paterson
S1238,Milton Babbitt,1916-05-10 06:00:00.000000 +00:00,44.9428975,-123.0350963,Salem
S1239,Johnny Isakson,1944-12-28 06:00:00.000000 +00:00,28.2919557,-81.407571,Kissimmee
S1240,Athol Fugard,1932-06-11 06:00:00.000000 +00:00,43.4194699,-83.9508068,Saginaw
S1241,H Carl McCall,1935-10-17 06:00:00.000000 +00:00,25.9017472,-97.4974838,Brownsville
S1242,Grace Paley,1922-12-11 06:00:00.000000 +00:00,33.0145673,-97.0969552,Flower Mound
S1243,Gloria Macapagal Arroyo,1947-04-05 06:00:00.000000 +00:00,32.9342919,-97.0780654,Grapevine
S1244,Tubby Smith,1951-06-30 06:00:00.000000 +00:00,44.8896866,-93.3499489,Edina
S1245,Jane Goodall,1934-04-03 06:00:00.000000 +00:00,42.331427,-83.0457538,Detroit
S1246,Parris N Glendening,1942-06-11 06:00:00.000000 +00:00,39.3454673,-84.5603187,Fairfield
S1247,Deborah E Lipstadt,1947-03-18 06:00:00.000000 +00:00,32.5631924,-97.1416768,Mansfield
S1248,Elliott Abrams,1948-01-24 06:00:00.000000 +00:00,43.16103,-77.6109219,Rochester
S1249,John Smoltz,1967-05-15 06:00:00.000000 +00:00,33.5206608,-86.80249,Birmingham
S1250,Johnny Cash,1930-02-26 06:00:00.000000 +00:00,30.267153,-97.7430608,Austin
S1251,Keith Haring,1958-05-04 06:00:00.000000 +00:00,34.4208305,-119.6981901,Santa Barbara
S1252,Anton Chekhov,1860-01-29 06:00:00.000000 +00:00,41.931696,-87.9889556,Addison
S1253,James Woods,1947-04-18 06:00:00.000000 +00:00,35.2327544,-106.6630437,Rio Rancho
S1254,Rafik Hariri,1944-11-01 06:00:00.000000 +00:00,40.5142026,-88.9906312,Normal
S1255,Carlos Moya,1976-08-27 06:00:00.000000 +00:00,41.6475306,-88.0895061,Romeoville
S1256,Daw Aung San Suu Kyi,1945-06-19 06:00:00.000000 +00:00,45.1732394,-93.3030063,Coon Rapids
S1257,Boutros Boutros-Ghali,1922-11-14 06:00:00.000000 +00:00,37.5629917,-122.3255254,San Mateo
S1258,Howard Cross,1967-08-08 06:00:00.000000 +00:00,28.5383355,-81.3792365,Orlando
S1259,Karl Lagerfeld,1933-09-10 06:00:00.000000 +00:00,42.866632,-106.313081,Casper
S1260,Clyde Drexler,1962-06-22 06:00:00.000000 +00:00,32.844017,-97.1430671,Bedford
S1261,Leif Ove Andsnes,1970-04-07 06:00:00.000000 +00:00,34.2257255,-77.9447102,Wilmington
S1262,Guillermo Mota,1973-07-25 06:00:00.000000 +00:00,27.8428025,-82.6995443,Pinellas Park
S1263,Bruce Cutler,1948-04-29 06:00:00.000000 +00:00,25.9331488,-80.1625463,North Miami Beach
S1264,Terrence McNally,1938-11-03 06:00:00.000000 +00:00,39.114053,-94.6274636,Kansas City
S1265,Pete Seeger,1919-05-03 06:00:00.000000 +00:00,42.5834228,-71.8022955,Fitchburg
S1266,Mira Sorvino,1967-09-28 06:00:00.000000 +00:00,42.1391927,-87.9289591,Wheeling
S1267,Stevie Wonder,1950-05-13 06:00:00.000000 +00:00,42.3370413,-71.2092214,Newton
S1268,Jeremy M Boorda,1939-11-26 06:00:00.000000 +00:00,25.8900949,-80.1867138,North Miami
S1269,Joan Claybrook,1937-06-12 06:00:00.000000 +00:00,41.5242649,-72.0759105,Norwich
S1270,Richard Brookhiser,1955-02-23 06:00:00.000000 +00:00,40.735657,-74.1723667,Newark
S1271,Mark Rothko,1903-09-25 06:00:00.000000 +00:00,31.3112936,-92.4451371,Alexandria
S1272,L Jay Oliva,1933-09-23 06:00:00.000000 +00:00,45.1607987,-93.2349489,Blaine
S1273,Robert Frost,1874-03-26 06:00:00.000000 +00:00,26.1906306,-97.6961026,Harlingen
S1274,Jonathan Safran Foer,1977-02-21 06:00:00.000000 +00:00,34.6391501,-120.4579409,Lompoc
S1275,Tennessee Williams,1911-03-26 06:00:00.000000 +00:00,33.2148412,-97.1330683,Denton
S1276,Adolf Eichmann,1906-03-19 06:00:00.000000 +00:00,29.3013479,-94.7976958,Galveston
S1277,Louis Menand,1952-01-21 06:00:00.000000 +00:00,39.6136578,-86.1066526,Greenwood
S1278,Tilda Swinton,1960-11-05 06:00:00.000000 +00:00,36.6777372,-121.6555013,Salinas
S1279,Bobby Bonilla,1963-02-23 06:00:00.000000 +00:00,25.9420377,-80.2456045,Miami Gardens
S1280,Cuauhtemoc Cardenas,1934-05-01 06:00:00.000000 +00:00,38.4192496,-82.445154,Huntington
S1281,Rory Sabbatini,1976-04-02 06:00:00.000000 +00:00,27.5305671,-99.4803241,Laredo
S1282,Robert Zemeckis,1952-05-14 06:00:00.000000 +00:00,28.0836269,-80.6081089,Melbourne
S1283,Chevy Chase,1942-09-10 06:00:00.000000 +00:00,32.7995738,-97.2691817,Haltom City
S1284,John R Silber,1926-08-15 06:00:00.000000 +00:00,28.0344621,-80.5886646,Palm Bay
S1285,Barack Obama,1961-08-04 06:00:00.000000 +00:00,35.7212689,-77.9155395,Wilson
S1286,Eve Ensler,1953-05-25 06:00:00.000000 +00:00,40.8893895,-111.880771,Bountiful
S1287,Jim Courier,1970-08-17 06:00:00.000000 +00:00,37.5949316,-120.9577098,Ceres
S1288,John Wayne,1907-05-26 06:00:00.000000 +00:00,41.4047742,-81.7229086,Parma
S1289,Ben Stein,1944-11-25 06:00:00.000000 +00:00,44.0805434,-103.2310149,Rapid City
S1290,Benicio Del Toro,1967-02-19 06:00:00.000000 +00:00,33.9652918,-118.1514588,Bell Gardens
S1291,Fred Couples,1959-10-03 06:00:00.000000 +00:00,39.8083196,-104.9338675,Commerce City
S1292,Manny Ramirez,1972-05-30 06:00:00.000000 +00:00,42.1014831,-72.589811,Springfield
S1293,Isabel Allende,1942-08-02 06:00:00.000000 +00:00,40.5852602,-105.084423,Fort Collins
S1294,Mark Sanchez,1986-11-11 06:00:00.000000 +00:00,37.7249296,-122.1560768,San Leandro
S1295,Justina Morales,1987-02-19 06:00:00.000000 +00:00,33.2000368,-117.2425355,Vista
S1296,Diane Ravitch,1938-07-01 06:00:00.000000 +00:00,40.9312099,-73.8987469,Yonkers
S1297,John D Podesta,1949-01-08 06:00:00.000000 +00:00,39.1031182,-84.5120196,Cincinnati
S1298,Jeb Bush,1953-02-11 06:00:00.000000 +00:00,39.6417629,-77.7199932,Hagerstown
S1299,Philip Glass,1937-01-31 06:00:00.000000 +00:00,28.8028612,-81.269453,Sanford
S1300,James T McHugh,1932-01-03 06:00:00.000000 +00:00,40.6975898,-74.2631635,Union City
S1301,Bobby Fischer,1943-03-09 06:00:00.000000 +00:00,41.6639383,-83.555212,Toledo
S1302,Rodney Hampton,1969-04-03 06:00:00.000000 +00:00,31.5455001,-110.2772856,Sierra Vista
S1303,Trip Gabriel,1955-01-01 06:00:00.000000 +00:00,37.0870821,-76.4730122,Newport News
S1304,Langston Hughes,1902-02-01 06:00:00.000000 +00:00,41.5833688,-87.5000412,Hammond
S1305,Joe Paterno,1926-12-21 06:00:00.000000 +00:00,42.1662831,-87.9631308,Buffalo Grove
S1306,Joan Baez,1941-01-09 06:00:00.000000 +00:00,29.6196787,-95.6349463,Sugar Land
S1307,Mikhail Baryshnikov,1948-01-27 06:00:00.000000 +00:00,34.7303688,-86.5861037,Huntsville
S1308,David Rabe,1940-03-10 06:00:00.000000 +00:00,38.1341477,-121.2722194,Lodi
S1309,Nydia M Velazquez,1953-03-28 06:00:00.000000 +00:00,47.8106521,-122.3773552,Edmonds
S1310,Steven Pinker,1954-09-18 06:00:00.000000 +00:00,32.6518004,-96.9083366,Duncanville
S1311,Indira Gandhi,1917-11-19 06:00:00.000000 +00:00,35.9382103,-77.7905339,Rocky Mount
S1312,Bobby Flay,1964-12-10 06:00:00.000000 +00:00,42.6389216,-83.2910468,Pontiac
S1313,Ian Wilmut,1944-07-07 06:00:00.000000 +00:00,32.6781085,-117.0991967,National City
S1314,Donovan Bailey,1967-12-16 06:00:00.000000 +00:00,37.6688205,-122.0807964,Hayward
S1315,Marty McSorley,1963-05-18 06:00:00.000000 +00:00,43.0962143,-79.0377388,Niagara Falls
S1316,Mitchell E Jr Daniels,1949-04-07 06:00:00.000000 +00:00,39.5349112,-119.7526886,Sparks
S1317,Vivienne Westwood,1941-04-08 06:00:00.000000 +00:00,36.3274502,-119.6456844,Hanford
S1318,Jeff Bingaman,1943-10-03 06:00:00.000000 +00:00,33.8169599,-118.0372852,Cypress
S1319,Eugene A Ludwig,1946-04-11 06:00:00.000000 +00:00,41.0997803,-80.6495194,Youngstown
S1320,Baltasar Garzon,1955-10-26 06:00:00.000000 +00:00,34.6992579,-86.7483318,Madison
S1321,Richard Dooling,1954-01-01 06:00:00.000000 +00:00,34.0555693,-117.1825381,Redlands
S1322,Mir Hussein Moussavi,1942-03-02 06:00:00.000000 +00:00,37.3058839,-89.5181476,Cape Girardeau
S1323,Anna Politkovskaya,1958-08-30 06:00:00.000000 +00:00,43.5407172,-116.5634624,Nampa
S1324,Uta Hagen,1919-06-12 06:00:00.000000 +00:00,38.9071923,-77.0368707,Washington
S1325,Mike Ditka,1939-10-18 06:00:00.000000 +00:00,41.8661403,-88.1070127,Wheaton
S1326,Sidney Lumet,1924-06-25 06:00:00.000000 +00:00,32.5920798,-96.7561082,Lancaster
S1327,Carl Levin,1934-06-28 06:00:00.000000 +00:00,34.1064001,-117.3703235,Rialto
S1328,Rick Santorum,1958-05-10 06:00:00.000000 +00:00,46.8771863,-96.7898034,Fargo
S1329,Richard Blumenthal,1946-02-13 06:00:00.000000 +00:00,40.6936488,-89.5889864,Peoria
S1330,Tom Stoppard,1937-07-03 06:00:00.000000 +00:00,41.2523634,-95.9979883,Omaha
S1331,Eric Rohmer,1920-03-21 06:00:00.000000 +00:00,33.640855,-117.603104,Rancho Santa Margarita
S1332,Gene Kelly,1912-08-23 06:00:00.000000 +00:00,39.1836082,-96.5716694,Manhattan
S1333,Jacques A Nasser,1947-12-12 06:00:00.000000 +00:00,33.8302961,-116.5452921,Palm Springs
S1334,Ric Burns,1955-01-01 06:00:00.000000 +00:00,32.715738,-117.1610838,San Diego
S1335,Walter Cronkite,1916-11-04 06:00:00.000000 +00:00,38.440429,-122.7140548,Santa Rosa
S1336,Mary Cassatt,1844-05-22 06:00:00.000000 +00:00,42.6334247,-71.3161718,Lowell
S1337,Gene Budig,1939-05-25 06:00:00.000000 +00:00,36.060949,-95.7974526,Broken Arrow
S1338,Bob Woodward,1943-03-26 06:00:00.000000 +00:00,47.3809335,-122.2348431,Kent
S1339,Anne Frank,1929-06-12 06:00:00.000000 +00:00,36.1626638,-86.7816016,Nashville
S1340,Ahmed Qurei,1937-03-26 06:00:00.000000 +00:00,40.8859325,-74.0434736,Hackensack
S1341,Samuel Waksal,1947-09-08 06:00:00.000000 +00:00,39.9205411,-105.0866504,Broomfield
S1342,Ilan Ramon,1954-06-20 06:00:00.000000 +00:00,35.9940329,-78.898619,Durham
S1343,Michael Connelly,1956-07-21 06:00:00.000000 +00:00,37.688889,-97.336111,Wichita
S1344,Mike Hampton,1972-09-09 06:00:00.000000 +00:00,33.7805388,-116.4668036,Cathedral City
S1345,Andrew S Grove,1936-09-02 06:00:00.000000 +00:00,44.6496868,-93.24272,Lakeville
S1346,Sugar Ray Leonard,1956-05-17 06:00:00.000000 +00:00,41.8994744,-87.9403418,Elmhurst
S1347,Aries Wiranto,1947-04-04 06:00:00.000000 +00:00,26.1595194,-97.9908366,Weslaco
S1348,Chris Gatling,1967-09-03 06:00:00.000000 +00:00,42.9614039,-88.0125865,Greenfield
S1349,Gennifer Flowers,1950-01-24 06:00:00.000000 +00:00,37.36883,-122.0363496,Sunnyvale
S1350,Sylvia Plath,1932-10-27 06:00:00.000000 +00:00,36.9741171,-122.0307963,Santa Cruz
S1351,Don Larsen,1929-08-07 06:00:00.000000 +00:00,42.5847425,-87.8211854,Kenosha
S1352,Iva Majoli,1977-08-12 06:00:00.000000 +00:00,40.7933949,-77.8600012,State College
S1353,Mel Brooks,1926-06-28 06:00:00.000000 +00:00,40.75839,-82.5154471,Mansfield
S1354,Jay Haas,1953-12-02 06:00:00.000000 +00:00,39.9356016,-91.4098726,Quincy
S1355,Albio Sires,1951-01-26 06:00:00.000000 +00:00,26.2378597,-80.1247667,Pompano Beach
S1356,Lawrence Lessig,1961-06-03 06:00:00.000000 +00:00,31.4637723,-100.4370375,San Angelo
S1357,Charlie Trotter,1959-09-08 06:00:00.000000 +00:00,40.4842027,-88.9936873,Bloomington
S1358,Samuel Ramey,1942-03-28 06:00:00.000000 +00:00,37.7396513,-121.4252227,Tracy
S1359,Stewart Cink,1973-05-21 06:00:00.000000 +00:00,34.9495672,-81.9320482,Spartanburg
S1360,Bill Janklow,1939-09-13 06:00:00.000000 +00:00,42.7653662,-71.467566,Nashua
S1361,John Corigliano,1938-02-16 06:00:00.000000 +00:00,32.8406946,-83.6324022,Macon
S1362,Glen Sather,1943-09-02 06:00:00.000000 +00:00,40.7062128,-73.6187397,Hempstead
S1363,Warren M Christopher,1925-10-27 06:00:00.000000 +00:00,39.9259463,-75.1196199,Camden
S1364,Shane Spencer,1972-02-20 06:00:00.000000 +00:00,33.7222445,-116.3744556,Palm Desert
S1365,Jim Calhoun,1942-05-10 06:00:00.000000 +00:00,42.0255827,-88.1784085,Streamwood
S1366,Harvey Fierstein,1952-06-06 06:00:00.000000 +00:00,36.7682088,-76.2874927,Chesapeake
S1367,Mika Hakkinen,1968-09-28 06:00:00.000000 +00:00,40.0992294,-83.1140771,Dublin
S1368,Sumner M Redstone,1923-05-27 06:00:00.000000 +00:00,34.2163937,-119.0376023,Camarillo
S1369,Mark Fuhrman,1952-02-05 06:00:00.000000 +00:00,43.2341813,-86.2483921,Muskegon
S1370,Susan Sarandon,1946-10-04 06:00:00.000000 +00:00,40.6639916,-74.2107006,Elizabeth
S1371,Robert S Bennett,1939-01-01 06:00:00.000000 +00:00,61.2180556,-149.9002778,Anchorage
S1372,Ann Powers,1964-02-04 06:00:00.000000 +00:00,48.2329668,-101.2922906,Minot
S1373,Larry King,1933-11-19 06:00:00.000000 +00:00,26.0764783,-80.2521157,Davie
S1374,David N Dinkins,1927-07-10 06:00:00.000000 +00:00,26.2034071,-98.2300124,McAllen
S1375,Richard Greenberg,1958-02-22 06:00:00.000000 +00:00,33.1972465,-96.6397822,McKinney
S1376,Frank Stella,1936-05-12 06:00:00.000000 +00:00,31.1171194,-97.7277959,Killeen
S1377,Cancer Dalai Lama,1935-07-06 06:00:00.000000 +00:00,41.04422,-83.6499321,Findlay
S1378,Alistair Cooke,1908-11-20 06:00:00.000000 +00:00,37.8043637,-122.2711137,Oakland
S1379,Jurgen E Schrempp,1944-09-15 06:00:00.000000 +00:00,37.3860517,-122.0838511,Mountain View
S1380,Samuel Langhorne Clemens,1835-11-30 06:00:00.000000 +00:00,33.6680772,-117.3272615,Lake Elsinore
S1381,Harold Prince,1928-01-30 06:00:00.000000 +00:00,35.2219971,-101.8312969,Amarillo
S1382,Kevin Costner,1955-01-18 06:00:00.000000 +00:00,40.2338438,-111.6585337,Provo
S1383,Jimmy Key,1961-04-22 06:00:00.000000 +00:00,33.7489954,-84.3879824,Atlanta
S1384,C Virginia Fields,1945-08-06 06:00:00.000000 +00:00,34.0625106,-118.1228476,Monterey Park
S1385,Sonny Rollins,1930-09-07 06:00:00.000000 +00:00,41.3144966,-81.83569,Strongsville
S1386,Osama Bin Laden,1957-03-10 06:00:00.000000 +00:00,36.9613356,-120.0607176,Madera
S1387,Roy Lichtenstein,1923-10-27 06:00:00.000000 +00:00,39.8403147,-88.9548001,Decatur
S1388,Herbert Muschamp,1947-11-28 06:00:00.000000 +00:00,42.0028761,-71.5147839,Woonsocket
S1389,Ronald Radosh,1937-01-01 06:00:00.000000 +00:00,30.6953657,-88.0398912,Mobile
S1390,Frank Sinatra,1915-12-12 06:00:00.000000 +00:00,38.1040864,-122.2566367,Vallejo
S1391,Vincent Jr Cianci,1941-04-30 06:00:00.000000 +00:00,34.1397292,-118.0353449,Arcadia
S1392,Donald Fehr,1948-06-18 06:00:00.000000 +00:00,35.042036,-89.6645266,Collierville
S1393,Mel Carnahan,1934-02-11 06:00:00.000000 +00:00,38.5767017,-92.1735164,Jefferson City
S1394,Geoffrey Wheatcroft,1945-12-23 06:00:00.000000 +00:00,32.5007037,-94.7404891,Longview
S1395,Conor McPherson,1971-08-06 06:00:00.000000 +00:00,33.3061605,-111.8412502,Chandler
S1396,Anthony Trollope,1815-04-24 06:00:00.000000 +00:00,39.8027644,-105.0874842,Arvada
S1397,Amr Moussa,1936-10-03 06:00:00.000000 +00:00,34.095287,-118.1270146,Alhambra
S1398,Stephen L Carter,1954-10-26 06:00:00.000000 +00:00,40.486427,-86.1336033,Kokomo
S1399,Humphrey Bogart,1899-12-25 06:00:00.000000 +00:00,26.1723065,-80.1319893,Oakland Park
S1400,Bill Richardson,1947-11-15 06:00:00.000000 +00:00,39.768403,-86.158068,Indianapolis
S1401,Mark Penn,1954-01-15 06:00:00.000000 +00:00,26.5317866,-80.0905465,Boynton Beach
S1402,Mitsuko Uchida,1948-12-20 06:00:00.000000 +00:00,33.4150485,-111.5495777,Apache Junction
S1403,Libra Caravaggio,1571-09-29 06:00:00.000000 +00:00,42.0664167,-87.9372908,Mount Prospect
S1404,Jonathan Pryce,1947-06-01 06:00:00.000000 +00:00,41.7798226,-71.4372796,Cranston
S1405,Frederick Chiluba,1943-04-30 06:00:00.000000 +00:00,40.4167022,-86.8752869,Lafayette
S1406,Matthew Shepard,1976-12-01 06:00:00.000000 +00:00,38.8813958,-94.8191285,Olathe
S1407,James A Jr Traficant,1941-05-01 06:00:00.000000 +00:00,34.0289259,-84.198579,Johns Creek
S1408,Leon Wieseltier,1952-06-14 06:00:00.000000 +00:00,36.0726354,-79.7919754,Greensboro
S1409,Katrina Leung,1954-01-01 06:00:00.000000 +00:00,42.2917069,-85.5872286,Kalamazoo
S1410,David Duchovny,1960-08-07 06:00:00.000000 +00:00,45.4312294,-122.7714861,Tigard
S1411,Mitt Romney,1947-03-12 06:00:00.000000 +00:00,34.7540524,-77.4302414,Jacksonville
S1412,Guy Ritchie,1968-09-10 06:00:00.000000 +00:00,38.7071247,-121.2810611,Citrus Heights
S1413,Ernesto Perez Balladares,1946-06-29 06:00:00.000000 +00:00,33.2098407,-87.5691735,Tuscaloosa
S1414,Ray Bourque,1960-12-28 06:00:00.000000 +00:00,41.7317884,-93.6001278,Ankeny
S1415,Edward R Korman,1942-10-25 06:00:00.000000 +00:00,33.9164032,-118.3525748,Hawthorne
S1416,Peter Boal,1965-01-01 06:00:00.000000 +00:00,33.4053867,-86.8113781,Hoover
S1417,Isabelle Huppert,1953-03-16 06:00:00.000000 +00:00,26.4614625,-80.0728201,Delray Beach
S1418,William F Weld,1945-07-31 06:00:00.000000 +00:00,26.6617635,-80.2683571,Wellington
S1419,Joseph V Jr Doria,1946-06-28 06:00:00.000000 +00:00,35.1359386,-114.5285981,Bullhead City
S1420,Abdelbaset Ali Mohmed al- Megrahi,1952-04-01 06:00:00.000000 +00:00,26.1003654,-80.3997748,Weston
S1421,Carlos Saul Menem,1930-07-02 06:00:00.000000 +00:00,42.6064095,-83.1497751,Troy
S1422,Andrew S Fastow,1961-12-22 06:00:00.000000 +00:00,40.9114882,-73.7823549,New Rochelle
S1423,Patrick Ewing,1962-08-05 06:00:00.000000 +00:00,37.9577016,-121.2907796,Stockton
S1424,Virgo Moby,1965-09-11 06:00:00.000000 +00:00,42.4894801,-83.1446485,Royal Oak
S1425,Graham Greene,1904-10-02 06:00:00.000000 +00:00,28.6122187,-80.8075537,Titusville
S1426,Mary Ellen Clark,1962-12-25 06:00:00.000000 +00:00,33.5225261,-117.7075526,Laguna Niguel
S1427,Beverly Sills,1929-05-25 06:00:00.000000 +00:00,47.6732281,-117.2393748,Spokane Valley
S1428,Alan Jay Lerner,1918-08-31 06:00:00.000000 +00:00,33.6411316,-117.9186689,Costa Mesa
S1429,Patrick J Buchanan,1938-11-02 06:00:00.000000 +00:00,32.7459645,-96.9977846,Grand Prairie
S1430,Albert C Barnes,1872-01-02 06:00:00.000000 +00:00,36.8354258,-76.2982742,Portsmouth
S1431,Phil Gramm,1942-07-08 06:00:00.000000 +00:00,47.0342629,-122.8231915,Lacey
S1432,James Naughton,1945-12-06 06:00:00.000000 +00:00,35.732652,-78.8502856,Apex
S1433,Omar Minaya,1958-11-10 06:00:00.000000 +00:00,42.4999942,-96.4003069,Sioux City
S1434,Marcel Duchamp,1887-07-28 06:00:00.000000 +00:00,33.0369867,-117.2919818,Encinitas
S1435,Tom Harkin,1939-11-19 06:00:00.000000 +00:00,40.114955,-111.654923,Spanish Fork
S1436,Ernest F Hollings,1922-01-01 06:00:00.000000 +00:00,33.9816812,-118.2250725,Huntington Park
S1437,Tom Seaver,1944-11-17 06:00:00.000000 +00:00,44.8546856,-93.470786,Eden Prairie
S1438,Dave Barry,1947-07-03 06:00:00.000000 +00:00,33.5805955,-112.2373779,Peoria
S1439,David M Brown,1956-04-16 06:00:00.000000 +00:00,33.4255104,-111.9400054,Tempe
S1440,Jon Robin Baitz,1961-11-04 06:00:00.000000 +00:00,39.7390721,-75.5397878,Wilmington
S1441,Steven Seagal,1952-04-10 06:00:00.000000 +00:00,40.6677248,-111.9388258,Taylorsville
S1442,Maria Sharapova,1987-04-19 06:00:00.000000 +00:00,42.324204,-83.400211,Westland
S1443,Valerie Plame,1963-08-13 06:00:00.000000 +00:00,32.7667955,-96.5991593,Mesquite
S1444,Mary J Blige,1971-01-11 06:00:00.000000 +00:00,36.0956918,-79.4377991,Burlington
S1445,David Baltimore,1938-03-07 06:00:00.000000 +00:00,32.912624,-96.6388833,Garland
S1446,F Scott Fitzgerald,1896-09-24 06:00:00.000000 +00:00,37.9357576,-122.3477486,Richmond
S1447,William H Macy,1949-03-13 06:00:00.000000 +00:00,46.8083268,-100.7837392,Bismarck
S1448,Shashi Tharoor,1958-03-09 06:00:00.000000 +00:00,39.1637984,-119.7674034,Carson City
S1449,Chien-Ming Wang,1980-03-31 06:00:00.000000 +00:00,35.7478769,-95.3696909,Muskogee
S1450,Robert De Niro,1943-08-17 06:00:00.000000 +00:00,33.4734978,-82.0105148,Augusta-Richmond County
S1451,Ozzie Smith,1954-12-26 06:00:00.000000 +00:00,35.0526641,-78.8783585,Fayetteville
S1452,Clive Davis,1932-04-04 06:00:00.000000 +00:00,31.5785074,-84.155741,Albany
S1453,Capricorn Aaliyah,1979-01-16 06:00:00.000000 +00:00,40.4594021,-74.360846,Sayreville
S1454,Michael Chang,1972-02-22 06:00:00.000000 +00:00,37.5296593,-122.0402399,Newark
S1455,Gary L Ackerman,1942-11-19 06:00:00.000000 +00:00,34.0286226,-117.8103367,Diamond Bar
S1456,Miguel Estrada,1961-09-25 06:00:00.000000 +00:00,34.6059253,-86.9833417,Decatur
S1457,Pierre-Laurent Aimard,1957-09-09 06:00:00.000000 +00:00,35.0456297,-85.3096801,Chattanooga
S1458,Betty Friedan,1921-02-04 06:00:00.000000 +00:00,38.2775702,-85.7371847,Jeffersonville
S1459,Robert L Nardelli,1948-05-17 06:00:00.000000 +00:00,41.9950276,-88.1856301,Bartlett
S1460,Nadine Lockwood,1991-01-01 06:00:00.000000 +00:00,34.0852868,-117.9608978,Baldwin Park
S1461,Ahmad Chalabi,1944-10-30 06:00:00.000000 +00:00,25.790654,-80.1300455,Miami Beach
S1462,Vincent W Jr Foster,1945-01-15 06:00:00.000000 +00:00,35.6145169,-88.8139469,Jackson
S1463,Brent Scowcroft,1925-03-19 06:00:00.000000 +00:00,29.8849504,-93.939947,Port Arthur
S1464,Alger Hiss,1904-11-11 06:00:00.000000 +00:00,35.2827524,-120.6596156,San Luis Obispo
S1465,C Vivian Stringer,1948-03-16 06:00:00.000000 +00:00,32.5420821,-97.3208492,Burleson
S1466,Tyson Gay,1982-08-09 06:00:00.000000 +00:00,33.6189101,-117.9289469,Newport Beach
S1467,Vijay Singh,1963-02-22 06:00:00.000000 +00:00,40.521893,-111.9391023,Riverton
S1468,Wolfgang Puck,1949-07-08 06:00:00.000000 +00:00,46.6020711,-120.5058987,Yakima
S1469,Gerard Schwarz,1947-08-19 06:00:00.000000 +00:00,39.7589478,-84.1916069,Dayton
S1470,John J Rigas,1924-11-24 06:00:00.000000 +00:00,30.3674198,-89.0928155,Gulfport
S1471,Charles L Mee,1938-09-15 06:00:00.000000 +00:00,33.7700504,-118.1937395,Long Beach
S1472,Thomas L Friedman,1953-07-20 06:00:00.000000 +00:00,39.7284944,-121.8374777,Chico
S1473,Sam Brownback,1956-09-12 06:00:00.000000 +00:00,31.3271189,-89.2903392,Hattiesburg
S1474,Elizabeth Taylor,1932-02-27 06:00:00.000000 +00:00,44.0520691,-123.0867536,Eugene
S1475,Frank McCourt,1930-08-19 06:00:00.000000 +00:00,34.0739016,-117.3136547,Colton
S1476,Bill Guerin,1970-11-09 06:00:00.000000 +00:00,34.0165053,-118.1137535,Montebello
S1477,Mickey Kantor,1939-08-07 06:00:00.000000 +00:00,37.6624312,-121.8746789,Pleasanton
S1478,Patricia Ireland,1945-10-19 06:00:00.000000 +00:00,47.9789848,-122.2020794,Everett
S1479,James A Kelly,1936-01-01 06:00:00.000000 +00:00,38.0608445,-97.9297743,Hutchinson
S1480,A O Scott,1966-07-10 06:00:00.000000 +00:00,38.2493581,-122.0399663,Fairfield
S1481,Sagittarius Kim Young Sam,1927-12-20 06:00:00.000000 +00:00,33.4355977,-112.3496021,Avondale
S1482,Jim Hodges,1956-11-19 06:00:00.000000 +00:00,41.5931049,-81.5267873,Euclid
S1483,William J Jr Pascrell,1937-01-25 06:00:00.000000 +00:00,42.3211522,-85.1797142,Battle Creek
S1484,Michael O Leavitt,1951-02-11 06:00:00.000000 +00:00,44.840798,-93.2982799,Bloomington
S1485,Diane Johnson,1934-04-28 06:00:00.000000 +00:00,41.5094771,-90.5787476,Rock Island
S1486,Laurent Kabila,1939-11-27 06:00:00.000000 +00:00,45.487062,-122.8037102,Beaverton
S1487,Cruz Bustamante,1953-01-04 06:00:00.000000 +00:00,29.9940924,-90.2417434,Kenner
S1488,James L Barksdale,1943-01-24 06:00:00.000000 +00:00,34.4047987,-103.2052272,Clovis
S1489,Edwidge Danticat,1969-01-19 06:00:00.000000 +00:00,42.7284117,-73.6917851,Troy
S1490,Mercedes Ruehl,1948-02-28 06:00:00.000000 +00:00,37.4323341,-121.8995741,Milpitas
S1491,Don DeLillo,1936-11-20 06:00:00.000000 +00:00,42.0333623,-87.8833991,Des Plaines
S1492,Jim Kolbe,1942-06-28 06:00:00.000000 +00:00,33.8722371,-117.8703363,Placentia
S1493,Elizabeth Swados,1951-02-05 06:00:00.000000 +00:00,41.900101,-71.0897674,Taunton
S1494,Phil Simms,1954-11-03 06:00:00.000000 +00:00,34.0775104,-117.6897776,Montclair
S1495,Neil Diamond,1941-01-24 06:00:00.000000 +00:00,36.3134397,-82.3534727,Johnson City
S1496,Shirley M Tilghman,1946-09-17 06:00:00.000000 +00:00,32.0835407,-81.0998342,Savannah
S1497,Daniel Libeskind,1946-05-12 06:00:00.000000 +00:00,41.2375569,-80.8184166,Warren
S1498,Baitullah Mehsud,1974-01-01 06:00:00.000000 +00:00,45.6387281,-122.6614861,Vancouver
S1499,Tadao Ando,1941-09-13 06:00:00.000000 +00:00,26.1669711,-80.256595,Sunrise
S1500,Jean-Yves Thibaudet,1961-09-07 06:00:00.000000 +00:00,40.1933767,-85.3863599,Muncie
S1501,Leonie M Brinkema,1944-06-26 06:00:00.000000 +00:00,40.3916172,-111.8507662,Lehi
S1502,Tom Ridge,1945-08-26 06:00:00.000000 +00:00,37.7749295,-122.4194155,San Francisco
S1503,Stephen S Roach,1945-09-16 06:00:00.000000 +00:00,34.0922335,-117.435048,Fontana
S1504,Bernadette Peters,1948-02-28 06:00:00.000000 +00:00,33.1506744,-96.8236116,Frisco
S1505,Campbell Scott,1961-07-19 06:00:00.000000 +00:00,33.9898188,-117.7325848,Chino Hills
S1506,Mark Philippoussis,1976-11-07 06:00:00.000000 +00:00,32.9628232,-117.0358646,Poway
S1507,Itamar Franco,1930-06-28 06:00:00.000000 +00:00,39.843947,-84.1246608,Huber Heights
S1508,Nora Ephron,1941-05-19 06:00:00.000000 +00:00,40.4862157,-74.4518188,New Brunswick
S1509,Christine Lahti,1950-04-04 06:00:00.000000 +00:00,36.8507689,-76.2858726,Norfolk
S1510,Jose Carreras,1946-12-05 06:00:00.000000 +00:00,45.5228939,-122.989827,Hillsboro
S1511,Richard Branson,1950-07-18 06:00:00.000000 +00:00,33.7839084,-116.958635,San Jacinto
S1512,Albert Shanker,1928-09-14 06:00:00.000000 +00:00,30.421309,-87.2169149,Pensacola
S1513,Margaret Cho,1968-12-05 06:00:00.000000 +00:00,39.3995008,-84.5613355,Hamilton
S1514,Kathleen Sebelius,1948-05-15 06:00:00.000000 +00:00,34.1954331,-79.7625625,Florence
S1515,Lachlan Murdoch,1971-09-08 06:00:00.000000 +00:00,34.1083449,-117.2897652,San Bernardino
S1516,Anwar Ibrahim,1947-08-10 06:00:00.000000 +00:00,33.9698929,-84.2214551,Peachtree Corners
S1517,Meir Kahane,1932-08-01 06:00:00.000000 +00:00,34.5362184,-117.2927641,Victorville
S1518,A N Wilson,1950-10-27 06:00:00.000000 +00:00,41.5933696,-87.3464271,Gary
S1519,Connie Chung,1946-08-20 06:00:00.000000 +00:00,32.8795022,-111.7573521,Casa Grande
S1520,Benjamin Netanyahu,1949-10-21 06:00:00.000000 +00:00,37.1305012,-121.6543901,Morgan Hill
S1521,Cormac McCarthy,1933-07-20 06:00:00.000000 +00:00,42.5005583,-90.6645718,Dubuque
S1522,Peter G Peterson,1926-06-05 06:00:00.000000 +00:00,43.0481221,-76.1474244,Syracuse
S1523,Herbert J Gans,1927-05-07 06:00:00.000000 +00:00,36.5297706,-87.3594528,Clarksville
S1524,Cy Coleman,1929-06-14 06:00:00.000000 +00:00,28.0394654,-81.9498042,Lakeland
S1525,David Ives,1950-07-11 06:00:00.000000 +00:00,40.6642699,-73.7084645,Valley Stream
S1526,Ozzy Osbourne,1948-12-03 06:00:00.000000 +00:00,39.158168,-75.5243682,Dover
S1527,William H Donaldson,1931-06-02 06:00:00.000000 +00:00,46.8737648,-96.7678039,Moorhead
S1528,Pat Roberts,1936-04-20 06:00:00.000000 +00:00,34.0211224,-118.3964665,Culver City
S1529,Lucinda Williams,1953-01-26 06:00:00.000000 +00:00,42.1103041,-88.03424,Palatine
S1530,L Dennis Kozlowski,1946-11-16 06:00:00.000000 +00:00,47.6062095,-122.3320708,Seattle
S1531,Susan Webber Wright,1948-01-01 06:00:00.000000 +00:00,39.0836712,-84.5085536,Covington
S1532,Judith Steinberg Dean,1953-05-09 06:00:00.000000 +00:00,38.4087993,-121.3716178,Elk Grove
S1533,Robert E Allen,1935-01-01 06:00:00.000000 +00:00,32.5251516,-93.7501789,Shreveport
S1534,John Mortimer,1923-04-21 06:00:00.000000 +00:00,41.223,-111.9738304,Ogden
S1535,David Irving,1938-03-24 06:00:00.000000 +00:00,38.4495688,-78.8689155,Harrisonburg
S1536,Alexandra Stevenson,1980-12-15 06:00:00.000000 +00:00,33.9616801,-118.3531311,Inglewood
S1537,Chris Matthews,1945-12-17 06:00:00.000000 +00:00,34.1477849,-118.1445155,Pasadena
S1538,Cherie Blair,1954-09-23 06:00:00.000000 +00:00,42.7070354,-71.1631137,Lawrence
S1539,Andrew Johnson,1808-12-29 06:00:00.000000 +00:00,45.4206749,-122.6706498,Lake Oswego
S1540,Yasir Arafat,1929-08-24 06:00:00.000000 +00:00,38.232417,-122.6366524,Petaluma
S1541,Joaquin Balaguer,1906-09-01 06:00:00.000000 +00:00,39.9242266,-83.8088171,Springfield
S1542,Ossie Davis,1917-12-18 06:00:00.000000 +00:00,38.2975381,-122.286865,Napa
S1543,Tommy Maddox,1971-09-02 06:00:00.000000 +00:00,39.7294319,-104.8319195,Aurora
S1544,Gary Winnick,1947-01-01 06:00:00.000000 +00:00,46.7866719,-92.1004852,Duluth
S1545,Penelope Cruz,1974-04-28 06:00:00.000000 +00:00,37.2709704,-79.9414266,Roanoke
S1546,Daniel Radcliffe,1989-07-23 06:00:00.000000 +00:00,44.0581728,-121.3153096,Bend
S1547,Adrian Lyne,1941-03-04 06:00:00.000000 +00:00,34.5008311,-117.1858759,Apple Valley
S1548,Costas Simitis,1936-06-23 06:00:00.000000 +00:00,42.3764852,-71.2356113,Waltham
S1549,Margo Jefferson,1947-10-17 06:00:00.000000 +00:00,26.640628,-81.8723084,Fort Myers
S1550,Ann M Veneman,1949-06-29 06:00:00.000000 +00:00,27.950575,-82.4571776,Tampa
S1551,Chanda Rubin,1976-02-18 06:00:00.000000 +00:00,34.09751,-117.6483876,Upland
S1552,Aaron Boone,1973-03-09 06:00:00.000000 +00:00,36.5859718,-79.3950228,Danville
S1553,Howard Golden,1925-01-01 06:00:00.000000 +00:00,42.5083482,-89.0317765,Beloit
S1554,Julie Salamon,1953-07-10 06:00:00.000000 +00:00,26.1275862,-80.2331036,Plantation
S1555,Andre Previn,1929-04-06 06:00:00.000000 +00:00,38.8338816,-104.8213634,Colorado Springs
S1556,Edward Durell Stone,1902-03-09 06:00:00.000000 +00:00,37.6390972,-120.9968782,Modesto
S1557,James Taylor,1948-03-12 06:00:00.000000 +00:00,42.9633599,-85.6680863,Grand Rapids
S1558,William Manchester,1922-04-01 06:00:00.000000 +00:00,41.8850317,-87.7845025,Oak Park
S1559,Betty Comden,1917-05-03 06:00:00.000000 +00:00,27.3364347,-82.5306527,Sarasota
S1560,Robert D Kaplan,1952-06-23 06:00:00.000000 +00:00,33.9971974,-117.4854802,Jurupa Valley
S1561,Alicia Keys,1980-01-25 06:00:00.000000 +00:00,33.8816818,-118.1170117,Bellflower
S1562,Ricky Martin,1971-12-24 06:00:00.000000 +00:00,40.0149856,-105.2705456,Boulder
S1563,Regis Philbin,1931-08-25 06:00:00.000000 +00:00,35.6869752,-105.937799,Santa Fe
S1564,Lech Walesa,1943-09-29 06:00:00.000000 +00:00,33.6803003,-116.173894,Coachella
S1565,Leo Napoleon I,1769-08-15 06:00:00.000000 +00:00,42.3459271,-71.5522874,Marlborough
S1566,Marvin Davis,1925-08-28 06:00:00.000000 +00:00,33.9533487,-117.3961564,Riverside
S1567,Jean Stapleton,1923-01-19 06:00:00.000000 +00:00,34.5794343,-118.1164613,Palmdale
S1568,Dick Vermeil,1936-10-30 06:00:00.000000 +00:00,38.1074198,-122.5697032,Novato
S1569,Carolyn McCarthy,1944-01-05 06:00:00.000000 +00:00,41.0602216,-111.9710529,Layton
S1570,Frida Kahlo,1907-07-06 06:00:00.000000 +00:00,41.6986416,-88.0683955,Bolingbrook
S1571,Ralph Branca,1926-01-06 06:00:00.000000 +00:00,33.6000232,-117.6719953,Mission Viejo
S1572,Jeffrey Katzenberg,1950-12-21 06:00:00.000000 +00:00,42.0697509,-87.7878408,Glenview
S1573,Mohammed Zahir Shah,1914-10-15 06:00:00.000000 +00:00,38.891565,-121.2930079,Lincoln
S1574,Paul Azinger,1960-01-06 06:00:00.000000 +00:00,38.6779591,-121.1760583,Folsom
S1575,Lena Horne,1917-06-30 06:00:00.000000 +00:00,34.6100243,-112.315721,Prescott Valley
S1576,Laurence A Tisch,1923-03-05 06:00:00.000000 +00:00,32.3199396,-106.7636538,Las Cruces
S1577,Lasse Hallstrom,1946-06-02 06:00:00.000000 +00:00,45.6769979,-111.0429339,Bozeman
S1578,Javier Solana,1942-07-14 06:00:00.000000 +00:00,42.0333607,-88.0834059,Schaumburg
S1579,Edwin W Edwards,1927-08-07 06:00:00.000000 +00:00,42.5144566,-83.0146526,Warren
S1580,Spencer Abraham,1952-06-12 06:00:00.000000 +00:00,38.7874699,-90.6298922,St. Peters
S1581,Peter Ackroyd,1949-10-05 06:00:00.000000 +00:00,42.034722,-93.62,Ames
S1582,Jude Law,1972-12-29 06:00:00.000000 +00:00,33.6292337,-112.3679279,Surprise
S1583,Brad Leithauser,1953-02-27 06:00:00.000000 +00:00,32.9483335,-96.7298519,Richardson
S1584,Marty Markowitz,1945-02-14 06:00:00.000000 +00:00,43.6155825,-84.2472116,Midland
S1585,Vartan Gregorian,1934-04-08 06:00:00.000000 +00:00,29.8832749,-97.9413941,San Marcos
S1586,Jack Curry,1964-11-25 06:00:00.000000 +00:00,41.2459149,-75.8813075,Wilkes-Barre
S1587,Hugh Jackman,1968-10-12 06:00:00.000000 +00:00,44.2619309,-88.4153847,Appleton
S1588,Kent Nagano,1951-11-22 06:00:00.000000 +00:00,39.0228485,-94.7151865,Shawnee
S1589,Lawrence van Gelder,1933-01-01 06:00:00.000000 +00:00,41.6661573,-81.339552,Mentor
S1590,Mary Matalin,1953-08-19 06:00:00.000000 +00:00,37.6818745,-121.7680088,Livermore
S1591,Catherine Zeta-Jones,1969-09-25 06:00:00.000000 +00:00,35.2270869,-80.8431267,Charlotte
S1592,Tony Coelho,1942-06-15 06:00:00.000000 +00:00,37.7719074,-87.1111676,Owensboro
S1593,Katha Pollitt,1949-10-14 06:00:00.000000 +00:00,26.9342246,-80.0942087,Jupiter
S1594,Marc Rich,1934-12-18 06:00:00.000000 +00:00,38.3396367,-122.7010984,Rohnert Park
S1595,Herb Brooks,1937-08-05 06:00:00.000000 +00:00,41.8781136,-87.6297982,Chicago
S1596,Gabriela Sabatini,1970-05-16 06:00:00.000000 +00:00,45.7832856,-108.5006904,Billings
S1597,C Ray Nagin,1956-06-11 06:00:00.000000 +00:00,43.0494572,-88.0075875,Wauwatosa
S1598,Michael Wines,1951-06-03 06:00:00.000000 +00:00,41.8800296,-88.0078435,Lombard
S1599,Robert D McFadden,1937-01-01 06:00:00.000000 +00:00,41.308274,-72.9278835,New Haven
S1600,Barbara Jordan,1936-02-21 06:00:00.000000 +00:00,39.9625984,-76.727745,York
S1601,Antonio Banderas,1960-08-10 06:00:00.000000 +00:00,35.9606384,-83.9207392,Knoxville
S1602,Audra McDonald,1970-07-03 06:00:00.000000 +00:00,41.3683798,-82.1076486,Elyria
S1603,Ian Buruma,1951-12-28 06:00:00.000000 +00:00,41.7003208,-70.3002024,Barnstable Town
S1604,Ann Reinking,1949-11-10 06:00:00.000000 +00:00,40.6668916,-111.8879909,Murray
S1605,Marylou Whitney,1925-12-24 06:00:00.000000 +00:00,37.7652065,-122.2416355,Alameda
S1606,Carlton Fisk,1947-12-26 06:00:00.000000 +00:00,37.7974273,-121.2160526,Manteca
S1607,Ray Mabus,1948-10-11 06:00:00.000000 +00:00,44.9530215,-92.9952153,Maplewood
S1608,John Landis,1950-08-03 06:00:00.000000 +00:00,42.3265152,-122.8755949,Medford
S1609,Enid Nemy,1924-01-01 06:00:00.000000 +00:00,35.8456213,-86.39027,Murfreesboro
S1610,Leah Rabin,1928-04-08 06:00:00.000000 +00:00,39.1404477,-121.6169108,Yuba City
S1611,Marcello Mastroianni,1924-09-28 06:00:00.000000 +00:00,41.3164856,-73.0931641,Shelton
S1612,Craig Lucas,1951-04-30 06:00:00.000000 +00:00,42.5348993,-92.4453161,Cedar Falls
S1613,Charlie LeDuff,1966-01-01 06:00:00.000000 +00:00,35.0867577,-89.8100858,Germantown
S1614,Winslow Homer,1836-02-24 06:00:00.000000 +00:00,41.408969,-75.6624122,Scranton
S1615,Ted Turner,1938-11-19 06:00:00.000000 +00:00,32.6098566,-85.4807825,Auburn
S1616,Mstislav Rostropovich,1927-03-27 06:00:00.000000 +00:00,38.7509488,-77.4752667,Manassas
S1617,Martin T Meehan,1956-12-30 06:00:00.000000 +00:00,38.3565773,-121.9877444,Vacaville
S1618,Darryl Hamilton,1964-12-03 06:00:00.000000 +00:00,34.0194543,-118.4911912,Santa Monica
S1619,Sally Field,1946-11-06 06:00:00.000000 +00:00,36.7282054,-76.5835621,Suffolk
S1620,Suzanne Vega,1959-07-11 06:00:00.000000 +00:00,42.6583661,-83.1499322,Rochester Hills
S1621,Jackie Robinson,1919-01-31 06:00:00.000000 +00:00,33.6633573,-116.3100095,La Quinta
S1622,Linda Greenhouse,1947-01-09 06:00:00.000000 +00:00,38.3498195,-81.6326234,Charleston
S1623,Rick Perry,1950-03-04 06:00:00.000000 +00:00,35.7688425,-119.2470536,Delano
S1624,Spike Lee,1957-03-20 06:00:00.000000 +00:00,28.2489016,-81.2811801,St. Cloud
S1625,Greg Louganis,1960-01-29 06:00:00.000000 +00:00,32.7764749,-79.9310512,Charleston
S1626,Tim Couch,1977-07-31 06:00:00.000000 +00:00,35.4873613,-80.6217341,Kannapolis
S1627,Richard Stoltzman,1942-07-12 06:00:00.000000 +00:00,33.8752935,-117.5664384,Corona
S1628,William C Rhoden,1950-01-01 06:00:00.000000 +00:00,38.7907339,-121.2357828,Rocklin
S1629,Theodore E McCarrick,1930-07-07 06:00:00.000000 +00:00,38.9108408,-94.3821724,Lee's Summit
S1630,Mickey Rourke,1952-09-16 06:00:00.000000 +00:00,29.5844524,-81.2078699,Palm Coast
S1631,Pinchas Zukerman,1948-07-16 06:00:00.000000 +00:00,40.5649781,-111.8389726,Sandy
S1632,Carl Everett,1971-06-03 06:00:00.000000 +00:00,36.3728538,-94.2088172,Bentonville
S1633,Tim Duncan,1976-04-25 06:00:00.000000 +00:00,34.3916641,-118.542586,Santa Clarita
S1634,Jean Nouvel,1945-08-12 06:00:00.000000 +00:00,28.6611089,-81.3656242,Altamonte Springs
S1635,Roberto Micheletti,1943-08-13 06:00:00.000000 +00:00,29.7030024,-98.1244531,New Braunfels
S1636,Olympia J Snowe,1947-02-21 06:00:00.000000 +00:00,35.1495343,-90.0489801,Memphis
S1637,Hans Christian Andersen,1805-04-02 06:00:00.000000 +00:00,32.8140177,-96.9488945,Irving
S1638,Doc Rivers,1961-10-13 06:00:00.000000 +00:00,38.8048355,-77.0469214,Alexandria
S1639,Tom Cruise,1962-07-03 06:00:00.000000 +00:00,34.4263886,-117.3008784,Hesperia
S1640,Andrew M Cuomo,1957-12-06 06:00:00.000000 +00:00,42.2042586,-72.6162009,Holyoke
S1641,Herman D Jr Farrell,1932-02-04 06:00:00.000000 +00:00,33.9462125,-84.3346473,Dunwoody
S1642,Pat Hurst,1969-05-23 06:00:00.000000 +00:00,42.0324025,-87.7416246,Skokie
S1643,Colin Montgomerie,1963-06-23 06:00:00.000000 +00:00,40.7684342,-74.1454214,Kearny
S1644,Bob Hope,1903-05-29 06:00:00.000000 +00:00,40.6259316,-75.3704579,Bethlehem
S1645,Otto Schily,1932-07-20 06:00:00.000000 +00:00,39.7674578,-94.846681,St. Joseph
S1646,John Lee Malvo,1985-02-18 06:00:00.000000 +00:00,33.8491816,-118.3884078,Redondo Beach
S1647,Alec Guinness,1914-04-02 06:00:00.000000 +00:00,29.7604267,-95.3698028,Houston
S1648,Luciano Pavarotti,1935-10-12 06:00:00.000000 +00:00,33.4936391,-117.1483648,Temecula
S1649,Dara Torres,1967-04-15 06:00:00.000000 +00:00,42.2808256,-83.7430378,Ann Arbor
S1650,Joe Moakley,1927-04-27 06:00:00.000000 +00:00,30.080174,-94.1265562,Beaumont
S1651,William S Burroughs,1914-02-05 06:00:00.000000 +00:00,42.7369792,-84.4838654,East Lansing
S1652,Owen Wilson,1968-11-18 06:00:00.000000 +00:00,32.8383828,-116.9739167,Santee
S1653,Garland Jr Burrell,1947-01-01 06:00:00.000000 +00:00,26.2128609,-80.2497707,Tamarac
S1654,James Earl Jones,1931-01-17 06:00:00.000000 +00:00,41.1543623,-95.9145568,Bellevue
S1655,Jack Kent Cooke,1912-10-25 06:00:00.000000 +00:00,26.007765,-80.2962555,Pembroke Pines
S1656,Sterling Hitchcock,1971-04-29 06:00:00.000000 +00:00,36.1867442,-94.1288141,Springdale
S1657,Louise Erdrich,1954-06-07 06:00:00.000000 +00:00,34.1975048,-119.1770516,Oxnard
S1658,Larry Doby,1923-12-13 06:00:00.000000 +00:00,31.8456816,-102.3676431,Odessa
S1659,Robert Rauschenberg,1925-10-22 06:00:00.000000 +00:00,36.1156071,-97.0583681,Stillwater
S1660,Haile Gebrselassie,1973-04-18 06:00:00.000000 +00:00,42.0834335,-71.0183787,Brockton
S1661,Carolyn B Maloney,1946-02-19 06:00:00.000000 +00:00,40.6687141,-74.1143091,Bayonne
S1662,Joseph M Arpaio,1932-06-14 06:00:00.000000 +00:00,33.8894598,-118.1597911,Paramount
S1663,James Gandolfini,1961-09-18 06:00:00.000000 +00:00,41.5067003,-90.5151342,Moline
S1664,Andy Warhol,1928-08-06 06:00:00.000000 +00:00,32.3643098,-88.703656,Meridian
S1665,Apolo Anton Ohno,1982-05-22 06:00:00.000000 +00:00,35.1595182,-84.8766115,Cleveland
S1666,Jay M Pasachoff,1943-01-01 06:00:00.000000 +00:00,40.7281575,-74.0776417,Jersey City
S1667,Theodore Roosevelt,1858-10-27 06:00:00.000000 +00:00,44.9537029,-93.0899578,St. Paul
S1668,Burt Lancaster,1913-11-02 06:00:00.000000 +00:00,28.9005446,-81.2636738,Deltona
S1669,Larry A Silverstein,1931-05-30 06:00:00.000000 +00:00,40.6576022,-73.5831835,Freeport
S1670,Leon Botstein,1946-12-14 06:00:00.000000 +00:00,41.6611277,-91.5301683,Iowa City
S1671,Yoko Ono,1933-02-18 06:00:00.000000 +00:00,33.8352932,-117.9145036,Anaheim
S1672,Max Frankel,1930-01-01 06:00:00.000000 +00:00,44.7319094,-93.21772,Apple Valley
S1673,Charlie Chaplin,1889-04-16 06:00:00.000000 +00:00,47.4941836,-111.2833449,Great Falls
S1674,Jessica Tandy,1909-06-07 06:00:00.000000 +00:00,40.6916132,-112.0010501,West Valley City
S1675,Dick Cheney,1941-01-30 06:00:00.000000 +00:00,37.0298687,-76.3452218,Hampton
S1676,Abdul Aziz al- Hakim,1953-01-01 06:00:00.000000 +00:00,30.6332618,-97.6779842,Georgetown
S1677,Pavel P Borodin,1946-10-25 06:00:00.000000 +00:00,40.2968979,-111.6946475,Orem
S1678,Jerry Garcia,1942-08-01 06:00:00.000000 +00:00,34.1442616,-118.0019482,Monrovia
S1679,Megan Kanka,1986-12-07 06:00:00.000000 +00:00,32.9341893,-97.229298,Keller
S1680,Nomar Garciaparra,1973-07-23 06:00:00.000000 +00:00,32.9810059,-80.0325867,Goose Creek
S1681,Evan Bayh,1955-12-26 06:00:00.000000 +00:00,34.7464809,-92.2895948,Little Rock
S1682,Edward S Lampert,1962-07-19 06:00:00.000000 +00:00,33.7455731,-117.8678338,Santa Ana
S1683,Sidney Poitier,1927-02-20 06:00:00.000000 +00:00,41.0339862,-73.7629097,White Plains
S1684,Daniel E Lungren,1946-09-22 06:00:00.000000 +00:00,43.4916514,-112.0339645,Idaho Falls
S1685,Sam Shepard,1979-01-16 06:00:00.000000 +00:00,47.610377,-122.2006786,Bellevue
S1686,William M Daley,1948-08-09 06:00:00.000000 +00:00,38.7521235,-121.2880059,Roseville
S1687,Sari Nusseibeh,1949-01-01 06:00:00.000000 +00:00,40.5067723,-74.2654234,Perth Amboy
S1688,Lleyton Hewitt,1981-02-24 06:00:00.000000 +00:00,42.5278731,-70.9286609,Peabody
S1689,David Zinman,1936-07-09 06:00:00.000000 +00:00,40.9263957,-98.3420118,Grand Island
S1690,W Ann Reynolds,1938-01-01 06:00:00.000000 +00:00,38.9517053,-92.3340724,Columbia
S1691,Henry Akinwande,1965-10-12 06:00:00.000000 +00:00,42.7261309,-87.7828523,Racine
S1692,Linda Fairstein,1947-05-05 06:00:00.000000 +00:00,39.978371,-86.1180435,Carmel
S1693,Jane Dee Hull,1935-08-08 06:00:00.000000 +00:00,42.2011538,-85.5800022,Portage
S1694,Juwan Howard,1973-02-07 06:00:00.000000 +00:00,39.5150576,-84.3982763,Middletown
S1695,William T Esrey,1940-01-01 06:00:00.000000 +00:00,38.6785157,-121.7732971,Woodland
S1696,Joyce Maynard,1953-11-05 06:00:00.000000 +00:00,42.4084302,-71.0119948,Revere
S1697,Arthur Schnitzler,1862-05-15 06:00:00.000000 +00:00,32.8370727,-97.0819541,Euless
S1698,Bill Pulsipher,1973-10-09 06:00:00.000000 +00:00,42.0883603,-87.9806265,Arlington Heights
S1699,Sigourney Weaver,1949-10-08 06:00:00.000000 +00:00,33.7475203,-116.9719684,Hemet
S1700,Kordell Stewart,1972-10-16 06:00:00.000000 +00:00,35.9556923,-80.0053176,High Point
S1701,Charles Wuorinen,1938-06-09 06:00:00.000000 +00:00,40.0581205,-82.4012642,Newark
S1702,Mark Woodforde,1965-09-23 06:00:00.000000 +00:00,35.4495065,-97.3967019,Midwest City
S1703,Barbara Bush,1925-06-08 06:00:00.000000 +00:00,33.1433723,-117.1661449,San Marcos
S1704,Sonia Gandhi,1946-12-09 06:00:00.000000 +00:00,29.1383165,-80.9956105,Port Orange
S1705,John D Dingell,1926-07-08 06:00:00.000000 +00:00,33.8536269,-118.1339563,Lakewood
S1706,Peter Gatien,1952-08-08 06:00:00.000000 +00:00,40.1261743,-82.9290696,Westerville
S1707,John C Liu,1967-01-08 06:00:00.000000 +00:00,42.2711311,-89.0939952,Rockford
S1708,Peter Braunstein,1964-01-26 06:00:00.000000 +00:00,32.7947731,-116.9625269,El Cajon
S1709,Elmore Leonard,1925-10-11 06:00:00.000000 +00:00,27.773056,-82.64,St. Petersburg
S1710,Rahm Emanuel,1959-11-29 06:00:00.000000 +00:00,41.8089191,-88.0111746,Downers Grove
S1711,Ira Levin,1929-08-27 06:00:00.000000 +00:00,41.2306979,-73.064036,Milford
S1712,William Joppy,1970-09-11 06:00:00.000000 +00:00,44.6365107,-123.1059282,Albany
S1713,Benjamin Franklin,1706-01-17 06:00:00.000000 +00:00,36.1699412,-115.1398296,Las Vegas
S1714,Johnnie L Jr Cochran,1937-10-02 06:00:00.000000 +00:00,29.6910625,-95.2091006,Pasadena
S1715,Thomas Jefferson,1743-04-13 06:00:00.000000 +00:00,27.2730492,-80.3582261,Port St. Lucie
S1716,Michael G Mullen,1946-10-04 06:00:00.000000 +00:00,41.9778795,-91.6656232,Cedar Rapids
S1717,Albert Costa,1975-06-25 06:00:00.000000 +00:00,29.2858129,-81.0558894,Ormond Beach
S1718,Aaron Burr,1756-02-06 06:00:00.000000 +00:00,42.2528772,-71.0022705,Quincy
S1719,Angela Gheorghiu,1965-09-07 06:00:00.000000 +00:00,25.9860762,-80.3035602,Miramar
S1720,Wolfgang Sawallisch,1923-08-26 06:00:00.000000 +00:00,31.7775757,-106.4424559,El Paso
S1721,Joseph C 4TH Wilson,1949-11-06 06:00:00.000000 +00:00,39.0558235,-95.6890185,Topeka
S1722,Anthony Lake,1939-04-02 06:00:00.000000 +00:00,34.0805651,-118.072846,Rosemead
S1723,Jeromy Burnitz,1969-04-15 06:00:00.000000 +00:00,44.9901194,-123.0262077,Keizer
S1724,Alfred E Kahn,1917-10-17 06:00:00.000000 +00:00,44.9211836,-93.4687489,Minnetonka
S1725,John Irving,1942-03-02 06:00:00.000000 +00:00,41.0814447,-81.5190053,Akron
S1726,Jean Paul Gaultier,1952-04-24 06:00:00.000000 +00:00,26.3017374,-98.1633432,Edinburg
S1727,Denzel Washington,1954-12-28 06:00:00.000000 +00:00,34.1063989,-117.5931084,Rancho Cucamonga
S1728,Kenny Lofton,1967-05-31 06:00:00.000000 +00:00,32.8546197,-79.9748103,North Charleston
S1729,Edward Albee,1928-03-12 06:00:00.000000 +00:00,38.2526647,-85.7584557,Louisville
S1730,James B Stewart,1952-01-01 06:00:00.000000 +00:00,36.910231,-121.7568946,Watsonville
S1731,Jonathan Raban,1942-06-14 06:00:00.000000 +00:00,26.2517482,-80.1789351,Coconut Creek
S1732,Nicolae Ceausescu,1918-01-26 06:00:00.000000 +00:00,27.4989278,-82.5748194,Bradenton
S1733,Felipe Calderon,1962-08-18 06:00:00.000000 +00:00,33.1580933,-117.3505939,Carlsbad
S1734,Billy Bob Thornton,1955-08-04 06:00:00.000000 +00:00,29.383845,-94.9027002,Texas City
S1735,Philip Bosco,1930-09-26 06:00:00.000000 +00:00,40.5865396,-122.3916754,Redding
S1736,Kenny Perry,1960-08-10 06:00:00.000000 +00:00,42.9133602,-85.7053085,Wyoming
S1737,Laurel Salton Clark,1961-03-10 06:00:00.000000 +00:00,41.452819,-82.1823746,Lorain
S1738,Derrick Coleman,1967-06-21 06:00:00.000000 +00:00,41.1616108,-112.0263313,Roy
S1739,Mark Cuban,1958-07-31 06:00:00.000000 +00:00,26.1224386,-80.1373174,Fort Lauderdale
S1740,Elvis Costello,1954-08-25 06:00:00.000000 +00:00,32.6130007,-83.624201,Warner Robins
S1741,Mohammed Riza Pahlevi,1919-10-26 06:00:00.000000 +00:00,27.9658533,-82.8001026,Clearwater
S1742,Steve Strunsky,1923-01-01 06:00:00.000000 +00:00,25.5808323,-80.3468593,Cutler Bay
S1743,Bruce Willis,1955-03-19 06:00:00.000000 +00:00,34.79981,-87.677251,Florence
S1744,Janet Maslin,1949-08-12 06:00:00.000000 +00:00,39.4667034,-87.4139092,Terre Haute
S1745,Donald J Boudreaux,1958-01-01 06:00:00.000000 +00:00,31.0982344,-97.342782,Temple
S1746,Marcelo Rios,1975-12-26 06:00:00.000000 +00:00,39.7092262,-84.0632685,Beavercreek
S1747,Anna Kisselgoff,1938-01-12 06:00:00.000000 +00:00,43.5445959,-96.7311034,Sioux Falls
S1748,Robert W Sweet,1922-10-15 06:00:00.000000 +00:00,39.2014404,-85.9213796,Columbus
S1749,Eric K Shinseki,1942-11-28 06:00:00.000000 +00:00,26.2445263,-80.206436,Margate
S1750,David Berkowitz,1953-06-01 06:00:00.000000 +00:00,42.5250906,-71.759794,Leominster
S1751,Leonardo DiCaprio,1974-11-11 06:00:00.000000 +00:00,41.7001009,-71.4161671,Warwick
S1752,Bob Stoops,1960-09-06 06:00:00.000000 +00:00,35.3732921,-119.0187125,Bakersfield
S1753,Scott Layden,1959-01-01 06:00:00.000000 +00:00,25.7616798,-80.1917902,Miami
S1754,Theresa Rebeck,1958-02-19 06:00:00.000000 +00:00,30.2265949,-93.2173758,Lake Charles
S1755,Robert B Parker,1932-09-17 06:00:00.000000 +00:00,46.2856907,-119.2844621,Richland
S1756,Mark McGwire,1963-10-01 06:00:00.000000 +00:00,35.7344538,-81.3444573,Hickory
S1757,James C Greenwood,1951-05-04 06:00:00.000000 +00:00,37.654656,-122.4077498,South San Francisco
S1758,Tom Hayden,1939-12-11 06:00:00.000000 +00:00,45.0105194,-93.4555093,Plymouth
S1759,Sali Berisha,1944-10-15 06:00:00.000000 +00:00,41.6763545,-86.2519898,South Bend
S1760,Bob Arum,1931-12-08 06:00:00.000000 +00:00,35.6528323,-97.4780954,Edmond
S1761,Eric Lichtblau,1965-01-01 06:00:00.000000 +00:00,41.6005448,-93.6091064,Des Moines
S1762,Susan Stroman,1954-10-17 06:00:00.000000 +00:00,26.339806,-81.7786972,Bonita Springs
S1763,Kurt Vonnegut,1922-11-11 06:00:00.000000 +00:00,40.5246711,-111.8638226,Draper
S1764,Stanley Kubrick,1928-07-26 06:00:00.000000 +00:00,33.9791793,-118.032844,Whittier
S1765,Eric Mangini,1971-01-19 06:00:00.000000 +00:00,42.36837,-83.3527097,Livonia
S1766,Peter Gelb,1953-01-01 06:00:00.000000 +00:00,43.0389025,-87.9064736,Milwaukee
S1767,Gustave Flaubert,1821-12-12 06:00:00.000000 +00:00,47.3073228,-122.2284532,Auburn
S1768,Wilbert Rideau,1942-02-13 06:00:00.000000 +00:00,33.9204354,-80.3414693,Sumter
S1769,Libra Chen Shui-Bian,1950-10-12 06:00:00.000000 +00:00,42.5584283,-70.880049,Beverly
S1770,Saeb Erekat,1955-04-28 06:00:00.000000 +00:00,47.4828776,-122.2170661,Renton
S1771,Claude Debussy,1862-08-22 06:00:00.000000 +00:00,39.5807452,-104.8771726,Centennial
S1772,William J Broad,1951-03-07 06:00:00.000000 +00:00,37.5407246,-77.4360481,Richmond
S1773,Bernard Tschumi,1944-01-25 06:00:00.000000 +00:00,40.1053196,-85.6802541,Anderson
S1774,Ted Danson,1947-12-29 06:00:00.000000 +00:00,33.9294606,-116.977248,Beaumont
S1775,John Frankenheimer,1930-02-19 06:00:00.000000 +00:00,30.4393696,-97.6200043,Pflugerville
S1776,Mikhail M Kasyanov,1957-12-08 06:00:00.000000 +00:00,40.7439905,-74.0323626,Hoboken
S1777,Ken Salazar,1955-03-02 06:00:00.000000 +00:00,38.0405837,-84.5037164,Lexington-Fayette
S1778,Barry Levinson,1942-04-06 06:00:00.000000 +00:00,33.9022367,-118.081733,Norwalk
S1779,George Balanchine,1904-01-22 06:00:00.000000 +00:00,32.6926512,-114.6276916,Yuma
S1780,Don Mattingly,1961-04-20 06:00:00.000000 +00:00,34.1283442,-117.2086513,Highland
S1781,Gary E Johnson,1953-01-01 06:00:00.000000 +00:00,41.9125286,-88.1347927,Carol Stream
S1782,Kent Graham,1968-11-01 06:00:00.000000 +00:00,41.525031,-88.0817251,Joliet
S1783,Billy Graham,1918-11-07 06:00:00.000000 +00:00,34.9248667,-81.0250784,Rock Hill
S1784,Robert Pinsky,1940-10-20 06:00:00.000000 +00:00,38.5890723,-121.302728,Rancho Cordova
S1785,Denise Cote,1946-01-01 06:00:00.000000 +00:00,42.3369816,-83.2732627,Dearborn Heights
S1786,David Hicks,1975-08-07 06:00:00.000000 +00:00,21.3069444,-157.8583333,Honolulu
S1787,Alexander Hamilton,1755-01-11 06:00:00.000000 +00:00,28.8052674,-97.0035982,Victoria
S1788,Ray Lucas,1972-08-06 06:00:00.000000 +00:00,41.9445441,-71.2856082,Attleboro
S1789,Libra Mobutu Sese Seko,1930-10-14 06:00:00.000000 +00:00,33.0151201,-96.5388789,Wylie
S1790,Eli Manning,1981-01-03 06:00:00.000000 +00:00,32.9756415,-96.8899636,Carrollton
S1791,Michael J Bragman,1940-08-11 06:00:00.000000 +00:00,41.632223,-88.2120315,Plainfield
S1792,I Lewis Jr Libby,1950-08-22 06:00:00.000000 +00:00,42.0629915,-88.1227199,Hoffman Estates
S1793,Mike Holmgren,1948-06-15 06:00:00.000000 +00:00,42.7262016,-71.1908924,Methuen
S1794,Martin Puryear,1941-05-23 06:00:00.000000 +00:00,27.044224,-82.2359254,North Port
S1795,James Brown,1933-05-03 06:00:00.000000 +00:00,39.0839973,-77.1527578,Rockville
S1796,John Darnton,1941-11-20 06:00:00.000000 +00:00,34.1808392,-118.3089661,Burbank
S1797,Katie Roiphe,1968-07-13 06:00:00.000000 +00:00,33.8703596,-117.9242966,Fullerton
S1798,Ravi Shankar,1990-10-24 06:00:00.000000 +00:00,44.0247062,-88.5426136,Oshkosh
S1799,Orel Hershiser,1958-09-16 06:00:00.000000 +00:00,30.7235263,-95.5507771,Huntsville
S1800,Marilyn Horne,1934-01-16 06:00:00.000000 +00:00,42.4989936,-83.3677168,Farmington Hills
S1801,Franz Welser-Most,1960-08-16 06:00:00.000000 +00:00,33.9830688,-118.096735,Pico Rivera
S1802,Timothy F Geithner,1961-08-18 06:00:00.000000 +00:00,33.8583483,-118.0647871,Cerritos
S1803,Frank Decaro,1962-11-06 06:00:00.000000 +00:00,34.0200114,-117.9495083,La Puente
S1804,Sam Rockwell,1965-11-05 06:00:00.000000 +00:00,39.0638705,-108.5506486,Grand Junction
S1805,Sadako Ogata,1927-09-16 06:00:00.000000 +00:00,36.3955891,-97.8783911,Enid
S1806,Ted Koppel,1940-02-08 06:00:00.000000 +00:00,37.3382082,-121.8863286,San Jose
S1807,Harrison Ford,1942-07-13 06:00:00.000000 +00:00,30.5082551,-97.678896,Round Rock
S1808,Roger M Mahony,1936-02-27 06:00:00.000000 +00:00,45.0724642,-93.4557877,Maple Grove
S1809,Charlie Haden,1937-08-06 06:00:00.000000 +00:00,35.2225668,-97.4394777,Norman
S1810,Dirk Nowitzki,1978-06-19 06:00:00.000000 +00:00,25.4687224,-80.4775569,Homestead
S1811,Felix G Rohatyn,1928-05-29 06:00:00.000000 +00:00,29.5293998,-95.2010447,Friendswood
S1812,Tim Henman,1974-09-06 06:00:00.000000 +00:00,33.6839473,-117.7946942,Irvine
S1813,Francis Mer,1939-05-25 06:00:00.000000 +00:00,42.8713032,-112.4455344,Pocatello
S1814,Elvis Mitchell,1958-12-06 06:00:00.000000 +00:00,37.6138253,-122.4869194,Pacifica
S1815,Richard Krajicek,1971-12-06 06:00:00.000000 +00:00,43.7508284,-87.71453,Sheboygan
S1816,Gyorgy Ligeti,1923-05-28 06:00:00.000000 +00:00,32.5159852,-93.7321228,Bossier City
S1817,Harold W Jr Gehman,1942-10-15 06:00:00.000000 +00:00,30.505198,-97.8202888,Cedar Park
S1818,Tom Ford,1961-08-27 06:00:00.000000 +00:00,33.9304352,-84.3733147,Sandy Springs
S1819,Judith Jamison,1943-05-10 06:00:00.000000 +00:00,40.1164204,-88.2433829,Champaign
S1820,Jesse Gelsinger,1981-06-18 06:00:00.000000 +00:00,40.8584328,-74.1637553,Clifton
S1821,Vladimir Feltsman,1952-01-08 06:00:00.000000 +00:00,35.3395079,-97.4867028,Moore
S1822,Edgardo Alfonzo,1973-11-08 06:00:00.000000 +00:00,39.0169509,-94.2816148,Blue Springs
S1823,Domingo Cavallo,1946-07-21 06:00:00.000000 +00:00,34.6867846,-118.1541632,Lancaster
S1824,Isaac Mizrahi,1961-10-14 06:00:00.000000 +00:00,30.6743643,-96.3699632,Bryan
S1825,John Major,1943-03-29 06:00:00.000000 +00:00,32.8234621,-97.1705678,Hurst
S1826,Danny Wuerffel,1974-05-27 06:00:00.000000 +00:00,26.5628537,-81.9495331,Cape Coral
S1827,Henry J Lyons,1942-01-01 06:00:00.000000 +00:00,37.3229978,-122.0321823,Cupertino
S1828,John C Malone,1941-03-07 06:00:00.000000 +00:00,42.4500845,-73.2453824,Pittsfield
S1829,Thomas Keller,1955-10-14 06:00:00.000000 +00:00,37.0057816,-121.5682751,Gilroy
S1830,Edith Wharton,1862-01-24 06:00:00.000000 +00:00,42.9956397,-71.4547891,Manchester
S1831,George J Tenet,1953-01-05 06:00:00.000000 +00:00,36.8529263,-75.977985,Virginia Beach
S1832,Frank Padavan,1934-10-31 06:00:00.000000 +00:00,38.8402805,-97.6114237,Salina
S1833,Eric Alterman,1960-01-14 06:00:00.000000 +00:00,42.3875968,-71.0994968,Somerville
S1834,Brendan Gill,1914-10-04 06:00:00.000000 +00:00,27.9094665,-82.7873244,Largo
S1835,Shaun Ellis,1977-06-24 06:00:00.000000 +00:00,36.7468422,-119.7725868,Fresno
S1836,Ruth Ann Swenson,1959-08-25 06:00:00.000000 +00:00,32.4709761,-85.0007653,Phenix City
S1837,Don Imus,1940-07-23 06:00:00.000000 +00:00,41.8505874,-87.7936685,Berwyn
S1838,Gene C McKinney,1950-11-03 06:00:00.000000 +00:00,26.8233946,-80.1386547,Palm Beach Gardens
S1839,Guillermo Linares,1951-01-01 06:00:00.000000 +00:00,41.878711,-71.3825558,Pawtucket
S1840,Nick Price,1957-01-28 06:00:00.000000 +00:00,34.0961111,-118.1058333,San Gabriel
S1841,J Dennis Hastert,1942-01-02 06:00:00.000000 +00:00,36.0998596,-80.244216,Winston-Salem
S1842,John Galliano,1960-11-28 06:00:00.000000 +00:00,34.0753762,-84.2940899,Alpharetta
S1843,Jean-Marie Le Pen,1928-06-20 06:00:00.000000 +00:00,38.8106075,-90.6998477,O'Fallon
S1844,Bryan Cox,1968-02-17 06:00:00.000000 +00:00,37.4852152,-122.2363548,Redwood City
S1845,Hugh Hefner,1926-04-09 06:00:00.000000 +00:00,37.5933918,-122.0438298,Union City
S1846,Maher Arar,1970-01-01 06:00:00.000000 +00:00,25.9812024,-80.148379,Hallandale Beach
S1847,Parker Posey,1968-11-08 06:00:00.000000 +00:00,44.1635775,-93.9993996,Mankato
S1848,Harvey Gantt,1943-01-01 06:00:00.000000 +00:00,33.5676842,-117.7256083,Aliso Viejo
S1849,Brad Grey,1957-12-29 06:00:00.000000 +00:00,33.6971468,-117.185294,Menifee
S1850,Morgan Freeman,1937-06-01 06:00:00.000000 +00:00,40.3977612,-105.0749801,Loveland
S1851,Denny Chin,1954-01-01 06:00:00.000000 +00:00,42.1211364,-88.2578582,Carpentersville
S1852,Leo Hun Sen,1952-08-05 06:00:00.000000 +00:00,41.8239891,-71.4128343,Providence
S1853,Linford Christie,1960-04-02 06:00:00.000000 +00:00,25.8575963,-80.2781057,Hialeah
S1854,Viktor F Yanukovich,1950-07-09 06:00:00.000000 +00:00,37.7799273,-121.9780153,San Ramon
S1855,Jeffrey Archer,1940-04-15 06:00:00.000000 +00:00,34.0633443,-117.6508876,Ontario
S1856,Hosni Mubarak,1928-05-04 06:00:00.000000 +00:00,47.6814875,-122.2087353,Kirkland
S1857,Mike DeWine,1947-01-05 06:00:00.000000 +00:00,37.0965278,-113.5684164,St. George
S1858,Ashley Judd,1968-04-19 06:00:00.000000 +00:00,32.216316,-80.752608,Hilton Head Island
S1859,William J Bratton,1947-10-06 06:00:00.000000 +00:00,34.1425078,-118.255075,Glendale
S1860,Mario Batali,1960-09-19 06:00:00.000000 +00:00,41.5381535,-72.8070435,Meriden
S1861,Daniel L Doctoroff,1958-07-11 06:00:00.000000 +00:00,33.8883487,-118.3089624,Gardena
S1862,Sarah Jessica Parker,1965-03-25 06:00:00.000000 +00:00,42.1250929,-72.749538,Westfield
S1863,Richard P Matsch,1930-01-01 06:00:00.000000 +00:00,42.0354084,-88.2825668,Elgin
S1864,David A Kessler,1951-05-13 06:00:00.000000 +00:00,33.0198431,-96.6988856,Plano
S1865,Judith Nathan,1954-12-16 06:00:00.000000 +00:00,40.1672068,-105.1019275,Longmont
S1866,Cesar Pelli,1926-10-12 06:00:00.000000 +00:00,32.9545687,-97.0150078,Coppell
S1867,Wilt Chamberlain,1936-08-21 06:00:00.000000 +00:00,41.4819932,-81.7981908,Lakewood
S1868,Eddie Murray,1956-02-24 06:00:00.000000 +00:00,35.8422967,-90.704279,Jonesboro
S1869,Victor Borge,1909-01-03 06:00:00.000000 +00:00,30.627977,-96.3344068,College Station
S1870,Carlos Ghosn,1954-03-09 06:00:00.000000 +00:00,42.3222599,-83.1763145,Dearborn
S1871,Lisa Raymond,1973-08-10 06:00:00.000000 +00:00,43.100903,-75.232664,Utica
S1872,Laurence H Tribe,1941-10-10 06:00:00.000000 +00:00,32.5093109,-92.1193012,Monroe
S1873,Pierre Bonnard,1867-10-03 06:00:00.000000 +00:00,39.2903848,-76.6121893,Baltimore
S1874,Al Amin Khalifa Fhimah,1956-04-04 06:00:00.000000 +00:00,37.2089572,-93.2922989,Springfield
S1875,Claire Messud,1966-01-01 06:00:00.000000 +00:00,34.2284312,-92.0031955,Pine Bluff
S1876,Ahmed Omar Sheikh,1973-12-23 06:00:00.000000 +00:00,40.6337136,-74.4073736,Plainfield
S1877,Billy Joel,1949-05-09 06:00:00.000000 +00:00,42.466763,-70.9494938,Lynn
S1878,Amy Watkins,1973-01-01 06:00:00.000000 +00:00,44.9238552,-92.9593797,Woodbury
S1879,Christa Worthington,1956-12-23 06:00:00.000000 +00:00,29.6516344,-82.3248262,Gainesville
S1880,Stephen Daldry,1960-05-02 06:00:00.000000 +00:00,38.5804609,-121.530234,West Sacramento
S1881,Bode Miller,1977-10-12 06:00:00.000000 +00:00,47.6162683,-122.0355736,Sammamish
S1882,Eric E Schmidt,1955-04-27 06:00:00.000000 +00:00,25.9564812,-80.1392121,Aventura
S1883,William Shakespeare,1564-01-01 06:00:00.000000 +00:00,36.0625795,-94.1574263,Fayetteville
S1884,Frank Stronach,1932-09-06 06:00:00.000000 +00:00,37.9735346,-122.5310874,San Rafael
S1885,Miuccia Prada,1949-05-10 06:00:00.000000 +00:00,35.0886963,-92.4421011,Conway
S1886,Andras Schiff,1953-12-21 06:00:00.000000 +00:00,47.2528768,-122.4442906,Tacoma
S1887,Anwar El- Sadat,1918-12-25 06:00:00.000000 +00:00,41.5623209,-72.6506488,Middletown
S1888,Joe Mcilvaine,1947-01-01 06:00:00.000000 +00:00,44.4758825,-73.212072,Burlington
S1889,Wes Craven,1939-08-02 06:00:00.000000 +00:00,42.5629668,-114.4608711,Twin Falls
S1890,Joseph Estrada,1937-04-19 06:00:00.000000 +00:00,33.6356618,-96.6088805,Sherman
S1891,Tony Kushner,1956-07-16 06:00:00.000000 +00:00,40.7127837,-74.0059413,New York
S1892,Norman Pearlstine,1942-10-04 06:00:00.000000 +00:00,34.2694474,-118.781482,Simi Valley
S1893,Bob Costas,1952-03-22 06:00:00.000000 +00:00,34.0686208,-117.9389526,West Covina
S1894,Heriberto Seda,1967-07-31 06:00:00.000000 +00:00,39.3722121,-104.8560902,Castle Rock
S1895,Oscar Wilde,1854-10-16 06:00:00.000000 +00:00,30.8327022,-83.2784851,Valdosta
S1896,Ethan Bronner,1954-01-01 06:00:00.000000 +00:00,32.7554883,-97.3307658,Fort Worth
S1897,Thomas Keneally,1935-10-07 06:00:00.000000 +00:00,33.8316745,-118.281693,Carson
S1898,Michael D Capellas,1955-08-19 06:00:00.000000 +00:00,37.9715592,-87.5710898,Evansville
S1899,Martina Navratilova,1956-10-18 06:00:00.000000 +00:00,34.9530337,-120.4357191,Santa Maria
S1900,William J McDonough,1934-04-21 06:00:00.000000 +00:00,36.0331164,-86.7827772,Brentwood
S1901,Barry R McCaffrey,1942-11-17 06:00:00.000000 +00:00,32.7678287,-117.0230839,La Mesa
S1902,Jerry Colangelo,1939-11-20 06:00:00.000000 +00:00,39.8366528,-105.0372046,Westminster
S1903,Robert K Kraft,1941-06-05 06:00:00.000000 +00:00,40.3356483,-75.9268747,Reading
S1904,Anna Nicole Smith,1967-11-28 06:00:00.000000 +00:00,37.4946568,-120.8465941,Turlock
S1905,John Cheever,1912-05-27 06:00:00.000000 +00:00,40.4233142,-104.7091322,Greeley
S1906,Aretha Franklin,1942-03-25 06:00:00.000000 +00:00,32.3512601,-95.3010624,Tyler
S1907,Alfonso Soriano,1976-01-07 06:00:00.000000 +00:00,28.5652787,-81.5861847,Winter Garden
S1908,Dan Glickman,1944-11-24 06:00:00.000000 +00:00,31.549333,-97.1466695,Waco
S1909,Bonnie Fuller,1956-09-08 06:00:00.000000 +00:00,38.0193657,-122.1341321,Martinez
S1910,Patty Schnyder,1978-12-14 06:00:00.000000 +00:00,34.1705609,-118.8375937,Thousand Oaks
S1911,George Frederick Handel,1685-02-23 06:00:00.000000 +00:00,34.1336186,-117.9075627,Azusa
S1912,Milt Bearden,1940-01-01 06:00:00.000000 +00:00,41.1865478,-73.1951767,Bridgeport
S1913,John W Warner,1927-02-18 06:00:00.000000 +00:00,44.9597376,-93.3702186,St. Louis Park
S1914,Frank Wildhorn,1959-11-29 06:00:00.000000 +00:00,38.6631083,-90.5770675,Chesterfield
S1915,Georg Solti,1912-10-21 06:00:00.000000 +00:00,26.6276276,-80.1353896,Greenacres
S1916,Stephen W Hawking,1942-01-08 06:00:00.000000 +00:00,46.2395793,-119.1005657,Pasco
S1917,Keyshawn Johnson,1972-07-22 06:00:00.000000 +00:00,33.8358492,-118.3406288,Torrance
S1918,Michiko Kakutani,1955-01-09 06:00:00.000000 +00:00,43.0730517,-89.4012302,Madison
S1919,Tracy McGrady,1979-05-24 06:00:00.000000 +00:00,42.6827885,-89.0187222,Janesville
S1920,Jennifer M Granholm,1959-02-05 06:00:00.000000 +00:00,42.3636331,-87.8447938,Waukegan
S1921,John Kenneth Galbraith,1908-10-15 06:00:00.000000 +00:00,36.9685219,-86.4808043,Bowling Green
S1922,Harry S Truman,1884-05-08 06:00:00.000000 +00:00,32.735687,-97.1080656,Arlington
S1923,Bob Mackie,1940-03-24 06:00:00.000000 +00:00,33.046233,-96.994174,Lewisville
S1924,Kathleen Chalfant,1945-01-14 06:00:00.000000 +00:00,36.7280583,-108.2186856,Farmington
S1925,Gary Sheffield,1968-11-18 06:00:00.000000 +00:00,37.9974219,-121.7124536,Oakley
S1926,Karen Akers,1945-10-13 06:00:00.000000 +00:00,37.4418834,-122.1430195,Palo Alto
S1927,Stephen G Breyer,1938-08-15 06:00:00.000000 +00:00,44.0462362,-123.0220289,Springfield
S1928,Lee Child,1954-10-29 06:00:00.000000 +00:00,41.6362152,-70.934205,New Bedford
S1929,Juliette Binoche,1964-03-09 06:00:00.000000 +00:00,47.6739881,-122.121512,Redmond
S1930,Jacques Pepin,1935-12-18 06:00:00.000000 +00:00,37.931868,-121.6957863,Brentwood
S1931,Heath Ledger,1979-04-04 06:00:00.000000 +00:00,38.5449065,-121.7405167,Davis
S1932,Jane E Brody,1941-05-19 06:00:00.000000 +00:00,33.9172357,-118.0120086,La Mirada
S1933,Carlos Slim Helu,1940-01-28 06:00:00.000000 +00:00,35.9828412,-86.5186045,Smyrna
S1934,Steven P Jobs,1955-02-24 06:00:00.000000 +00:00,40.5186809,-78.3947359,Altoona
S1935,Frank R Lautenberg,1924-01-23 06:00:00.000000 +00:00,31.2232313,-85.3904888,Dothan
S1936,Richard Wagner,1813-05-22 06:00:00.000000 +00:00,40.767323,-74.2048677,East Orange
S1937,Bill de Blasio,1961-05-08 06:00:00.000000 +00:00,41.5731442,-87.7932939,Tinley Park
S1938,Harvey Keitel,1939-05-13 06:00:00.000000 +00:00,30.3960318,-88.8853078,Biloxi
S1939,Martin Short,1950-03-26 06:00:00.000000 +00:00,40.1105875,-88.2072697,Urbana
S1940,Samuel J LeFrak,1918-02-12 06:00:00.000000 +00:00,33.7739053,-117.9414477,Garden Grove
S1941,John Goodman,1947-06-20 06:00:00.000000 +00:00,33.930293,-118.2114603,Lynwood
S1942,Edolphus Towns,1934-07-21 06:00:00.000000 +00:00,39.8961821,-104.9811468,Northglenn
S1943,Harry Partch,1901-06-24 06:00:00.000000 +00:00,40.7989473,-81.378447,Canton
S1944,Kirby Puckett,1960-03-14 06:00:00.000000 +00:00,33.8651033,-84.3365917,Brookhaven
S1945,Fred W Friendly,1915-10-30 06:00:00.000000 +00:00,30.4582829,-91.1403196,Baton Rouge
S1946,O J Simpson,1947-07-09 06:00:00.000000 +00:00,41.6717648,-72.9492703,Bristol
S1947,Vaughn R Walker,1944-01-01 06:00:00.000000 +00:00,39.0911161,-94.4155068,Independence
S1948,Betsey Johnson,1942-08-10 06:00:00.000000 +00:00,42.732535,-84.5555347,Lansing
S1949,Brian Dennehy,1938-07-09 06:00:00.000000 +00:00,41.6303103,-87.8539425,Orland Park
S1950,Mike Piazza,1968-09-04 06:00:00.000000 +00:00,39.4863773,-75.0259637,Vineland
S1951,Thomas Eakins,1844-07-25 06:00:00.000000 +00:00,44.519159,-88.019826,Green Bay
S1952,John Williams,1932-02-08 06:00:00.000000 +00:00,42.0450722,-87.6876969,Evanston
S1953,Peter Ilyich Tchaikovsky,1840-05-07 06:00:00.000000 +00:00,28.5691677,-81.5439619,Ocoee
S1954,Patsy Ramsey,1956-12-29 06:00:00.000000 +00:00,34.0522342,-118.2436849,Los Angeles
S1955,John Garamendi,1945-01-24 06:00:00.000000 +00:00,47.3223221,-122.3126222,Federal Way
S1956,Richard Li,1966-11-08 06:00:00.000000 +00:00,40.6096698,-111.9391031,West Jordan
S1957,Michael Feinstein,1956-09-07 06:00:00.000000 +00:00,34.033625,-117.0430865,Yucaipa
S1958,Phil Jackson,1945-09-17 06:00:00.000000 +00:00,40.4406248,-79.9958864,Pittsburgh
S1959,Tyler Perry,1969-09-13 06:00:00.000000 +00:00,33.9401088,-118.1331593,Downey
S1960,Nikita S Khrushchev,1894-04-15 06:00:00.000000 +00:00,41.8455877,-87.7539448,Cicero
S1961,George Ryan,1934-02-24 06:00:00.000000 +00:00,33.954737,-118.2120161,South Gate
S1962,Abu Bakar Bashir,1938-01-01 06:00:00.000000 +00:00,30.1588129,-85.6602058,Panama City
S1963,Christopher Durang,1949-01-02 06:00:00.000000 +00:00,37.0842271,-94.513281,Joplin
S1964,Sanford I Weill,1933-03-16 06:00:00.000000 +00:00,29.5074538,-95.0949303,League City
S1965,Christopher S Bond,1939-03-06 06:00:00.000000 +00:00,40.7607793,-111.8910474,Salt Lake City
S1966,Gary Player,1935-11-01 06:00:00.000000 +00:00,27.4467056,-80.3256056,Fort Pierce
S1967,Daisuke Matsuzaka,1980-09-13 06:00:00.000000 +00:00,33.4483771,-112.0740373,Phoenix
S1968,Eliot Feld,1942-07-05 06:00:00.000000 +00:00,44.5645659,-123.2620435,Corvallis
S1969,John Markoff,1949-10-24 06:00:00.000000 +00:00,32.5884689,-96.9561152,Cedar Hill
S1970,Joseph I Lieberman,1942-02-24 06:00:00.000000 +00:00,42.1487043,-72.6078672,Chicopee
S1971,Robert C Byrd,1917-11-20 06:00:00.000000 +00:00,29.1871986,-82.1400923,Ocala
S1972,Arturo Gatti,1972-04-15 06:00:00.000000 +00:00,34.0232431,-84.3615555,Roswell
S1973,David E Bonior,1945-06-06 06:00:00.000000 +00:00,42.0111412,-87.8406192,Park Ridge
S1974,P V Narasimha Rao,1921-06-28 06:00:00.000000 +00:00,43.2081366,-71.5375718,Concord
S1975,David D McKiernan,1950-12-11 06:00:00.000000 +00:00,47.0378741,-122.9006951,Olympia
S1976,William Langewiesche,1955-06-12 06:00:00.000000 +00:00,33.660297,-117.9992265,Huntington Beach
S1977,Don Nelson,1940-05-15 06:00:00.000000 +00:00,27.8005828,-97.396381,Corpus Christi
S1978,Bobby Valentine,1950-05-13 06:00:00.000000 +00:00,42.7762015,-71.0772796,Haverhill
S1979,Jean-Pierre Raffarin,1948-08-03 06:00:00.000000 +00:00,41.9994722,-88.1450735,Hanover Park
S1980,Shamil Basayev,1965-01-14 06:00:00.000000 +00:00,42.3736158,-71.1097335,Cambridge
S1981,Steven A Ballmer,1956-03-24 06:00:00.000000 +00:00,33.5386523,-112.1859866,Glendale
S1982,Bobby Short,1924-09-15 06:00:00.000000 +00:00,33.8025155,-117.9931165,Stanton
S1983,Kay Bailey Hutchison,1943-07-22 06:00:00.000000 +00:00,33.0185039,-80.1756481,Summerville
S1984,Sam Nunn,1938-09-08 06:00:00.000000 +00:00,41.5236437,-90.5776367,Davenport
S1985,Harry Reid,1939-12-02 06:00:00.000000 +00:00,26.3683064,-80.1289321,Boca Raton
S1986,Abdurrahman Wahid,1940-09-07 06:00:00.000000 +00:00,41.6612104,-72.7795419,New Britain
S1987,Anne Tyler,1941-10-25 06:00:00.000000 +00:00,42.4972583,-82.9371409,Roseville
S1988,Janica Kostelic,1982-01-05 06:00:00.000000 +00:00,41.5200518,-81.556235,Cleveland Heights
S1989,John Fitzgerald Kennedy,1917-05-29 06:00:00.000000 +00:00,45.5001357,-122.4302013,Gresham
S1990,Judith Regan,1953-08-17 06:00:00.000000 +00:00,26.1403635,-80.2133808,Lauderhill
S1991,Bob Weinstein,1954-10-18 06:00:00.000000 +00:00,36.3047735,-86.6199957,Hendersonville
S1992,Benny Carter,1907-08-08 06:00:00.000000 +00:00,37.3541079,-121.9552356,Santa Clara
S1993,Michel Camdessus,1933-05-01 06:00:00.000000 +00:00,33.1958696,-117.3794834,Oceanside
S1994,Erica Jong,1942-03-26 06:00:00.000000 +00:00,33.6469661,-117.689218,Lake Forest
S1995,Mohammed Saddiq Odeh,1965-01-01 06:00:00.000000 +00:00,42.48059,-83.4754913,Novi
S1996,Derrick Bell,1930-11-06 06:00:00.000000 +00:00,40.7878788,-74.0143064,West New York
S1997,Dorothy Parker,1893-08-22 06:00:00.000000 +00:00,42.40843,-71.0536625,Everett
S1998,Roger Rees,1944-05-05 06:00:00.000000 +00:00,40.6220478,-74.2445902,Linden
S1999,Henry J Stern,1935-05-01 06:00:00.000000 +00:00,35.5950581,-82.5514869,Asheville
S2000,Mahmoud Abdul-Rauf,1969-03-09 06:00:00.000000 +00:00,33.8958492,-118.2200712,Compton
